CODIGO|NOME|DTINICIO|DTFIM|natRubr|tpRubr|codIncCP|codIncIRRF|codIncFGTS|codIncSIND|repDSR|rep13|repFerias|repResc|repAfast|fatorRubr|LOCALAPLIC|Domestica|SE|Geral|DESCRICAO|NOTA|ordRescDom|PerAdicRub|ordRemDom|repSFDom|PerFolRes|PerEditRub|PerExcRub|FilCatRub|grupRendDom|codIncCPRP|codIncPisPasep|RDConsignado
eSocial1000|Salário|01012014||1000|1|11|11|11|0|S|S|S|S|N||S-1200-M|S|S|S|Valor referente ao salário mensal do empregado, ou dos dias trabalhados no mês em caso de contratação por hora, dia ou semana.|||S|1|S|N|S|S||31|0|0|S
eSocial1010|Salário in natura - pagos em bens ou serviços|01012014||1010|1|11|11|11|0|N|S|S|S|S||S-1200-M;S-2299|N|S|S|Valor do salário in natura, também conhecido por salário utilidade, que correspondente ao valor pago ao trabalhador em bens ou serviços.|||S||S|N|S|S||31|0|0|S
eSocial1020|Comissões, percentagens ou produção|01012014||1207|1|11|11|11|0|S|S|S|S|S||S-1200-M;S-2299|N|N|N|Valor pago ao trabalhador pela contraprestação de serviço, em decorrência de uma produção alcançada, normalmente baseada em um percentual sobre as vendas totais desse trabalhador.|||S||S|N|S|S||31|0|0|S
eSocial1030|Sobreaviso|01012014||1011|1|11|11|11|0|N|S|S|S|S||S-1200-M;S-2299|N|N|N|Valor pago ao empregado, correspondente a um percentual da sua hora normal de trabalho, estipulado em lei ou instrumento coletivo.|||S||S|N|S|S||31|0|0|S
eSocial1040|Adiantamento de salário|01012014||5501|1|0|11|0|0|N|N|N|N|N||S-1200-M|S|N|S|Valor referente ao pagamento de adiantamento/antecipação de salário.|||N||N|N|N|N||31|0|0|N
eSocial1050|Remuneração de faltas justificadas|01012014||1050|1|11|11|11|0|S|S|S|S|S||S-1200-M;S-2299|N|S|S|Remuneração de dias nos quais o trabalhador esteja afastado do trabalho sem prejuízo de sua remuneração|||S||S|N|S|S||31|0|0|S
eSocial1060|Remuneração do dirigente sindical|01012014||1230|1|11|11|11|0|S|S|S|S|S||S-1200-M;S-2299|N|S|S|Remuneração paga ao trabalhador afastado, durante o exercício da atividade sindical|||S||S|N|S|S||31|0|0|S
eSocial1098|Remuneração de autônomo|01012014||1000|1|11|11|0|0|N|N|N|N|N||S-1200-M|N|S|N|Valor referente à remuneração de trabalhador autônomo.|||N||N|N|N|N||0|0|0|S
eSocial1099|Remuneração mensal|01012014||1000|1|11|11|11|0|S|S|S|S|S||S-1200-M|S|S|S|Valor total da remuneração já considerando todos os vencimentos e deduções, exceto 13° salário, utilizado na Folha/Recebimentos e Pagamentos vigente no eSocial até 04/2016.|||N||S|S|S|N||31|0|0|S
eSocial1100|Horas extras|01012014||1003|1|11|11|11|0|S|S|S|S|S||S-1200-M;S-2299|S|S|S|Valor referente às horas trabalhadas além da jornada contratada acrescidas de percentual, nunca inferior a 50%.||13|S|19|S|N|S|S||31|0|0|S
eSocial1101|Horas extras noturnas|01012014||1003|1|11|11|11|0|S|S|S|S|S||S-1200-M;S-2299|S|S|S|Valor referente às horas extras trabalhadas em período noturno acrescidas de percentual, nunca inferior a 50%.||14|S|20|S|N|S|S||31|0|0|S
eSocial1102|Horas extras em dobro|01012014||1003|1|11|11|11|0|S|S|S|S|S||S-1200-M;S-2299|S|S|S|Valor referente ao dobro das horas extras, em razão de trabalho em DSR realizado além da jornada diária normal.||15|S|21|S|N|S|S||31|0|0|S
eSocial1103|Horas extras noturnas em dobro|01012014||1003|1|11|11|11|0|S|S|S|S|S||S-1200-M;S-2299|S|S|S|Valor referente ao dobro das horas extras noturnas, em razão de trabalho em DSR realizado além da jornada diária normal.||16|S|22|S|N|S|S||31|0|0|S
eSocial1110|Horas extras sobre comissões|01012014||1003|1|11|11|11|0|S|S|S|S|S||S-1200-M;S-2299|N|N|N|Valor correspondente ao percentual nunca inferior a 50%, estipulado em acordo ou convenção coletiva, incidente sobre o valor da hora de trabalho do empregado sobre comissões.|||S||S|N|S|S||31|0|0|S
eSocial1120|Horas extras - Banco de Horas|01012014||1004|1|11|11|11|0|S|S|S|S|S||S-1200-M;S-2299|S|S|S|Valor referente às horas extras, inicialmente destinadas para o banco de horas, e que não foram compensadas.||17|S|23|S|N|S|S||31|0|0|S
eSocial1130|Adicional noturno|01012014||1205|1|11|11|11|0|S|S|S|S|S||S-1200-M;S-2299|S|S|S|Valor referente ao adicional por trabalho realizado em período noturno, nunca inferior a 20% do valor da hora normal para trabalhador urbano/doméstico e a 25% para trabalhador rural.||19|S|25|S|N|S|S||31|0|0|S
eSocial1131|Adicional noturno em dobro|01012014||1205|1|11|11|11|0|S|S|S|S|S||S-1200-M;S-2299|S|S|S|Valor referente ao dobro do adicional noturno, em razão de trabalho em período noturno realizado em DSR.||20|S|26|S|N|S|S||31|0|0|S
eSocial1140|Intervalo para repouso e alimentação, quando não concedido integralmente|01012014|31102017|1006|1|11|11|11|0|S|S|S|S|S||S-1200-M;S-2299|S|S|S|Valor referente à remuneração do intervalo para repouso e alimentação, quando não concedido integralmente, acrescida de percentual nunca inferior a 50%.||26|S|31|S|N|S|S||31|0|0|S
eSocial1140|Intervalo para repouso e alimentação, quando não concedido integralmente|01112017||1006|1|11|11|0|0|S|N|N|N|S||S-1200-M;S-2299|S|S|S|Valor referente à indenização do intervalo para repouso e alimentação, quando não concedido integralmente, acrescida de percentual nunca inferior a 50%.||26|S|31|S|N|S|S||31|0|0|S
eSocial1150|Intervalo entre duas jornadas de trabalho, quando não concedido integralmente|01012014|31102017|1006|1|11|11|11|0|S|S|S|S|S||S-1200-M;S-2299|S|S|S|Valor referente à remuneração das horas não concedidas do intervalo mínimo entre duas jornadas de trabalho, acrescida de percentual nunca inferior a 50%.||27|S|32|S|N|S|S||31|0|0|S
eSocial1150|Intervalo entre duas jornadas de trabalho, quando não concedido integralmente|01112017||1006|1|11|11|0|0|S|N|N|N|S||S-1200-M;S-2299|S|S|S|Valor referente à indenização das horas não concedidas do intervalo mínimo entre duas jornadas de trabalho, acrescida de percentual nunca inferior a 50%.||27|S|32|S|N|S|S||31|0|0|S
eSocial1200|DSR - Descanso Semanal Remunerado|01012014||1002|1|11|11|11|0|N|S|S|S|S||S-1200-M;S-2299|S|S|S|Valor referente ao salário dos dias de descanso semanal e feriados do mês pago ao empregado contratado por hora, dia ou semana, ou referente ao DSR devido na rescisão quando da última semana integralmente trabalhada pelo empregado contratado por mês ou quinzena.||24|S|2|S|N|S|S||31|0|0|S
eSocial1210|DSR - Descanso Semanal Remunerado - sobre Horas Extras|01012014||1002|1|11|11|11|0|N|S|S|S|S||S-1200-M;S-2299|S|S|S|Valor referente ao reflexo das horas extras devidas no mês sobre o DSR.||18|S|24|S|N|S|S||31|0|0|S
eSocial1211|DSR - Descanso Semanal Remunerado - sobre Adicional Noturno|01012014||1002|1|11|11|11|0|N|S|S|S|S||S-1200-M;S-2299|S|S|S|Valor referente ao reflexo do adicional noturno devido no mês sobre o DSR.||21|S|27|S|N|S|S||31|0|0|S
eSocial1212|DSR - Descanso Semanal Remunerado - sobre Adicional de Viagem do empregado doméstico|01012014||1002|1|11|11|11|0|N|S|S|S|S||S-1200-M;S-2299|S|N|N|Valor referente ao reflexo do adicional de viagem do empregado doméstico devido no mês sobre o DSR.||23|S|29|S|N|S|S||31|0|0|S
eSocial1213|DSR - Descanso Semanal Remunerado - sobre comissões, percentagens|01012014||1002|1|11|11|11|0|N|S|S|S|S||S-1200-M;S-2299|N|N|N|Valor correspondente a um dia de trabalho do empregado, incidente sobre a média das verbas de natureza variável, especificamente comissões e percentagens|||S||S|N|S|S||31|0|0|S
eSocial1220|DSR - Descanso Semanal Remunerado - em dobro|01012014|30112016|1002|1|11|11|11|0|N|N|N|N|N||S-1200-M;S-2299|S|S|S|Valor referente ao dobro do salário relativo ao DSR, em razão de trabalho em dia destinado ao descanso.||25|S|30|S|N|S|S||31|0|0|S
eSocial1220|Descanso semanal e/ou feriado trabalhados|01122016||1002|1|11|11|11|0|N|N|N|N|N||S-1200-M;S-2299|S|S|S|Valor referente ao dobro do salário, relativo ao trabalho não compensado prestado em dias de descanso semanal e feriados.||25|S|30|S|N|S|S||31|0|0|S
eSocial1300|Adicional de insalubridade|01012014||1202|1|11|11|11|0|N|S|S|S|S||S-1200-M;S-2299|S|S|S|Valor correspondente ao adicional por serviços prestados em ambientes insalubres.||32|S|37|S|N|S|S||31|0|0|S
eSocial1310|Adicional de periculosidade|01012014||1203|1|11|11|11|0|N|S|S|S|S||S-1200-M;S-2299|S|S|S|Valor correspondente ao adicional por serviços prestados em condições perigosas.||33|S|38|S|N|S|S||31|0|0|S
eSocial1320|Adicional por tempo de serviço|01012014||1206|1|11|11|11|0|N|S|S|S|S||S-1200-M;S-2299|N|N|N|Valor referente ao adicional pago ao trabalhador em virtude do tempo de serviço para o mesmo empregador - convenção coletiva / estatuto da empresa (anuênio, quinquênio etc.).|||S||S|N|S|S||31|0|0|S
eSocial1330|Adicional de transferência|01012014||1204|1|11|11|11|0|N|S|S|S|S||S-1200-M;S-2299|N|N|N|Valor pago ao empregado em razão de alteração do local de trabalho que resulte em mudança de residência|||S||S|N|S|S||31|0|0|S
eSocial1340|Adicional de viagem do empregado doméstico|01012014||1204|1|11|11|11|0|S|S|S|S|S||S-1200-M;S-2299|S|N|N|Valor referente ao adicional de viagem do empregado doméstico, nunca inferior a 25% do valor da hora normal.||22|S|28|S|N|S|S||31|0|0|S
eSocial1350|Outros adicionais|01012014||1299|1|11|11|11|0|N|S|S|S|S||S-1200-M;S-2299|S|S|S|Valor referente a outros adicionais não previstos nos itens anteriores.||34|S|39|S|N|S|S||31|0|0|S
eSocial1400|Quebra de caixa|01012014||1225|1|11|11|11|0|N|S|S|S|S||S-1200-M;S-2299|N|N|N|Valor pago para cobrir os riscos assumidos pelo empregado que trabalha com manuseio de valores, para compensar eventuais descontos ou diferenças de numerários.|||S||S|N|S|S||31|0|0|S
eSocial1410|Gratificações|01012014||1211|1|11|11|11|0|S|S|S|S|S||S-1200-M;S-2299|S|S|S|Valor referente a gratificações pagas ao trabalhador.||28|S|33|S|N|S|S||31|0|0|S
eSocial1420|Gratificação de função|01012014||1201|1|11|11|11|0|N|S|S|S|S||S-1200-M;S-2299|N|N|N|Valor pago ao empregado por ocupar cargo ou função comissionada|||S||S|N|S|S||31|0|0|S
eSocial1430|Prêmios|01012014|30042018|2501|1|11|11|11|0|N|N|N|N|N||S-1200-M;S-2299|S|S|S|Valor referente a prêmios diversos pagos ao trabalhador.||29|S|34|S|N|S|S||31|0|0|N
eSocial1430|Prêmios|01052018||2501|1|0|11|0|0|N|N|N|N|N||S-1200-M;S-2299|N|S|S|Valor referente a prêmios diversos pagos ao trabalhador.||29|S|34|S|N|S|S||31|0|0|S
eSocial1440|Gratificação por acordo ou convenção coletiva|01012014||1210|1|11|11|11|0|N|S|S|S|S||S-1200-M;S-2299|N|S|S|Verba estabelecida em acordo ou convenção coletiva de trabalho|||S||S|N|S|S||31|0|0|S
eSocial1500|Gorjetas|01012014||1209|1|11|11|11|0|N|S|S|N|S||S-1200-M;S-2299|N|N|N|Valor referente às gorjetas pagas por clientes diretamente ao empregado, ou repassadas pelo empregador.|||S||S|N|S|S||31|0|0|S
eSocial1510|Direitos intelectuais|01012014||2510|1|0|11|0|0|N|N|N|N|N||S-1200-M;S-2299|N|N|N|Valor pago ao empregado em razão de sua participação em produção científica, intelectual ou artística.|||S||N|N|S|S||31|0|0|N
eSocial1520|Gueltas|01012014||1208|1|11|11|11|0|N|S|S|N|S||S-1200-M;S-2299|N|N|N|Valor pago pelo fabricante (ou prestador de serviço) ao empregado vendedor (de outra empresa) como incentivo pela venda de produto, marca ou serviço.|||S||S|N|S|S||31|0|0|S
eSocial1550|Vale-Transporte - Adiantamento pago em dinheiro|01012014|30062021|1810|1|0|0|0|0|N|N|N|N|N||S-1200-M|S|S|S|Valor pago antecipadamente ao empregado, em dinheiro, para custeio das passagens decorrentes do deslocamento residência-trabalho e vice-versa.|||S|3|N|N|S|S|||0|0|N
eSocial1550|Vale-Transporte - Adiantamento pago em dinheiro|01072021||1810|1|0|9|0|0|N|N|N|N|N||S-1200-M|S|S|S|Valor pago antecipadamente ao empregado, em dinheiro, para custeio das passagens decorrentes do deslocamento residência-trabalho e vice-versa.|||S|3|N|N|S|S|||0|0|N
eSocial1561|Alimentação - Pecúnia|01012014||1800|1|11|11|11|0|N|N|N|N|N||S-1200-M;S-2299|N|S|S|Alimentação - Pecúnia|||S||N|N|S|S||31|0|0|S
eSocial1562|Alimentação - Ticket ou cartão - Integrantes do PAT|01012014||1806|3|0|9|0|0|N|N|N|N|N||S-1200-M;S-2299|N|S|S|Alimentação - Ticket ou cartão - Integrantes do PAT|||S||N|N|S|S||0|0|0|N
eSocial1563|Alimentação - Ticket ou cartão - Não integrante do PAT|01012014||1807|3|0|9|0|0|N|N|N|N|N||S-1200-M;S-2299|N|S|S|Alimentação - Ticket ou cartão - Não integrante do PAT|||S||N|N|S|S||0|0|0|N
eSocial1564|Alimentação - Cesta básica ou refeição - Integrantes do PAT|01012014||1808|3|0|9|0|0|N|N|N|N|N||S-1200-M;S-2299|N|S|S|Alimentação - Cesta básica ou refeição - Integrantes do PAT|||S||N|N|S|S||0|0|0|N
eSocial1565|Alimentação - Cesta básica ou refeição - Não integrante do PAT|01012014||1809|3|0|9|11|0|N|N|N|N|N||S-1200-M;S-2299|N|S|S|Alimentação - Cesta básica ou refeição - Não integrante do PAT|||S||N|N|S|S||0|0|0|N
eSocial1570|Vestuário e equipamentos|01012014||2903|1|0|9|0|0|N|N|N|N|N||S-1200-M;S-2299|N|S|S|Valor correspondente a vestuários, equipamentos e outros acessórios fornecidos ao trabalhador e utilizados no local de trabalho para prestação dos respectivos serviços|||S||N|N|S|S||0|0|0|N
eSocial1600|Abonos|01012014|30042018|1401|1|11|11|11|0|N|N|N|N|N||S-1200-M;S-2299|S|S|S|Valor referente ao abono concedido de forma espontânea pelo empregador ou em virtude de acordo ou convenção coletiva, norma, etc.||30|S|35|S|N|S|S||31|0|0|N
eSocial1600|Abonos|01052018||1401|1|0|11|0|0|N|N|N|N|N||S-1200-M;S-2299|N|S|S|Valor referente ao abono concedido de forma espontânea pelo empregador ou em virtude de acordo ou convenção coletiva, norma, etc.||30|S|35|S|N|S|S||31|0|0|S
eSocial1610|Abono PIS/PASEP|01012014|30062021|1402|1|0|0|0|0|N|N|N|N|N||S-1200-M;S-2299|N|N|N|Valor do abono e/ou rendimento do PIS / PASEP repassado pela empresa|||S||N|N|S|S|||0|0|N
eSocial1610|Abono PIS/PASEP|01072021||1402|1|0|9|0|0|N|N|N|N|N||S-1200-M;S-2299|N|N|N|Valor do abono e/ou rendimento do PIS / PASEP repassado pela empresa|||S||N|N|S|S|||0|0|N
eSocial1620|Abono legal|01012014||1403|1|0|11|0|0|N|N|N|N|N||S-1200-M;S-2299|S|S|S|Valor referente às importâncias relativas a título de ganhos eventuais e a abonos expressamente desvinculados do salário, por força da lei.||31|S|36|N|N|S|S||31|0|0|N
eSocial1630|Auxílio babá|01012014||1404|1|0|79|0|0|N|N|N|N|N||S-1200-M;S-2299|N|S|S|Valor relativo a reembolso de despesas com babá, limitado ao menor salário de contribuição mensal e condicionado à comprovação na CTPS da empregada, do pagamento da remuneração e do recolhimento da contribuição previdenciária, observado o limite de 6 anos de idade da criança. Caso haja previsão em ACT/CCT, este limite de idade poderá ser maior.|||S||N|N|S|S||0|0|0|N
eSocial1640|Assistência médica|01012014||1405|1|0|9|0|0|N|N|N|N|N||S-1200-M;S-2299|N|S|S|Valor pago diretamente ao trabalhador a título de assistência médica ou odontológica, inclusive o reembolso de despesas com medicamentos, óculos, aparelhos ortopédicos, despesas médico-hospitalares e outras similares|||S||N|N|S|S||0|0|0|N
eSocial1650|Auxílio-creche|01012014||1406|1|0|79|0|0|N|N|N|N|N||S-1200-M;S-2299|N|S|S|O reembolso creche pago em conformidade com a legislação trabalhista, observado o limite máximo de 6 (seis) anos de idade da criança, quando devidamente comprovadas as despesas realizadas. Caso haja previsão em acordo coletivo da categoria, este limite de idade poderá ser maior.|||S||N|N|S|S||0|0|0|N
eSocial1700|Salário maternidade|01012014||4050|1|21|11|11|0|N|S|S|S|S||S-1200-M;S-2299|N|N|N|Valor correspondente ao salário de contribuição mensal da empregada, pago em virtude da licença remunerada por aborto ou maternidade, pelo prazo previsto em lei.|||S||S|N|S|S||31|0|0|S
eSocial1701|Salário maternidade (pago pelo INSS)|01012014|30062021|4050|3|25|0|11|0|N|N|N|N|N||S-1200-M;S-2299|S|S|S|Valor referente à remuneração mensal da empregada, afastada em virtude de licença-maternidade.||35|S|40|N|N|S|S|2||0|0|N
eSocial1701|Salário maternidade (pago pelo INSS)|01072021||9930|3|25|9|11|0|N|N|N|N|N||S-1200-M;S-2299|S|S|S|Valor referente à remuneração mensal da empregada, afastada em virtude de licença-maternidade.||35|S|40|N|N|S|S|2||0|0|N
eSocial1710|Salário maternidade - 13º Salário|01012014||4051|1|22|12|12|0|N|N|N|N|N||S-1200-A;S-2299|N|N|N|Valor correspondente ao salário de contribuição da empregada - no mês de dezembro - cujo pagamento ocorrerá até o dia 20 de dezembro.|||S||N|N|S|S||51|0|0|N
eSocial1711|Salário maternidade - 13º Salário (pago pelo INSS)|01012014|30062021|4051|3|26|0|12|0|N|N|N|N|N||S-1200-A;S-2299|S|S|S|Valor referente à remuneração mensal da empregada, afastada em virtude de licença-maternidade, proporcional aos meses de afastamento no ano.||36|S|41|N|N|S|S|2||0|0|N
eSocial1711|Salário maternidade - 13º Salário (pago pelo INSS)|01072021||9931|3|26|9|12|0|N|N|N|N|N||S-1200-A;S-2299|S|S|S|Valor referente à remuneração mensal da empregada, afastada em virtude de licença-maternidade, proporcional aos meses de afastamento no ano.||36|S|41|N|N|S|S|2||0|0|N
eSocial1720|Salário-família|01012014|30062021|1409|1|51|0|0|0|N|N|N|N|N||S-1200-M;S-2299|S|S|S|Valor referente ao benefício previdenciário devido em virtude da faixa salarial e do número de filhos ou equiparados menores de 14 anos, ou inválidos de qualquer idade.||9|N|56|N|N|S|N||47|0|0|N
eSocial1720|Salário-família|01072021||1409|1|51|9|0|0|N|N|N|N|N||S-1200-M;S-2299|S|S|S|Valor referente ao benefício previdenciário devido em virtude da faixa salarial e do número de filhos ou equiparados menores de 14 anos, ou inválidos de qualquer idade.||9|N|56|N|N|S|N||47|0|0|N
eSocial1721|Diferença de Salário-família retroativo|01022017|30062021|1409|1|51|0|0|0|N|N|N|N|N||S-1200-M;S-2299|S|S|S|Valor referente à diferença de Salário-família relativa a mês(es) anterior(es), paga retroativamente.||67|S|59|N|N|S|S||47|0|0|N
eSocial1721|Diferença de Salário-família retroativo|01072021||1409|1|51|9|0|0|N|N|N|N|N||S-1200-M;S-2299|S|S|S|Valor referente à diferença de Salário-família relativa a mês(es) anterior(es), paga retroativamente.||67|S|59|N|N|S|S||47|0|0|N
eSocial1730|Salário-família - Complemento|01012014||1009|1|11|11|11|0|N|N|N|N|N||S-1200-M;S-2299|S|S|S|Valor excedente ao valor do salário-família fixado pela Previdência Social, pago pelo empregador.||41|S|46|S|N|S|S||31|0|0|S
eSocial1740|Salário base afastamento acidentário|01012014|30062021|9932|3|0|0|11|0|N|N|N|N|N||S-1200-M;S-2299|S|S|S|Valor referente à remuneração mensal do empregado, afastado em virtude de auxílio-doença por acidente do trabalho ou doença ocupacional.||37|S|42|N|N|S|S|2||0|0|N
eSocial1740|Salário base afastamento acidentário|01072021||9932|3|0|9|11|0|N|N|N|N|N||S-1200-M;S-2299|S|S|S|Valor referente à remuneração mensal do empregado, afastado em virtude de auxílio-doença por acidente do trabalho ou doença ocupacional.||37|S|42|N|N|S|S|2||0|0|N
eSocial1745|Salário base afastamento acidentário - 13º Salário|01012014|30062021|9932|3|0|0|12|0|N|N|N|N|N||S-1200-A;S-2299|S|S|S|Valor referente à remuneração mensal do empregado, afastado em virtude de auxílio-doença por acidente do trabalho ou doença ocupacional, proporcional aos meses de afastamento no ano.||38|S|43|N|N|S|S|2||0|0|N
eSocial1745|Salário base afastamento acidentário - 13º Salário|01072021||9932|3|0|9|12|0|N|N|N|N|N||S-1200-A;S-2299|S|S|S|Valor referente à remuneração mensal do empregado, afastado em virtude de auxílio-doença por acidente do trabalho ou doença ocupacional, proporcional aos meses de afastamento no ano.||38|S|43|N|N|S|S|2||0|0|N
eSocial1750|Salário base do serviço militar obrigatório|01012014|30062021|9905|3|0|0|11|0|N|N|N|N|N||S-1200-M;S-2299|S|S|S|Valor referente à remuneração mensal do empregado, afastado para prestação de serviço militar obrigatório.||39|S|44|N|N|S|S|2||0|0|N
eSocial1750|Salário base do serviço militar obrigatório|01072021||9905|3|0|9|11|0|N|N|N|N|N||S-1200-M;S-2299|S|S|S|Valor referente à remuneração mensal do empregado, afastado para prestação de serviço militar obrigatório.||39|S|44|N|N|S|S|2||0|0|N
eSocial1755|Salário base do serviço militar obrigatório - 13º Salário|01012014|30062021|9905|3|0|0|12|0|N|N|N|N|N||S-1200-A;S-2299|S|S|S|Valor referente à remuneração mensal do empregado, afastado para prestação de serviço militar obrigatório, proporcional aos meses de afastamento no ano.||40|S|45|N|N|S|S|2||0|0|N
eSocial1755|Salário base do serviço militar obrigatório - 13º Salário|01072021||9905|3|0|9|12|0|N|N|N|N|N||S-1200-A;S-2299|S|S|S|Valor referente à remuneração mensal do empregado, afastado para prestação de serviço militar obrigatório, proporcional aos meses de afastamento no ano.||40|S|45|N|N|S|S|2||0|0|N
eSocial1800|13º salário - Adiantamento|01012014|30062021|5504|1|0|0|12|0|N|N|N|N|N||S-1200-M|S|S|S|Valor referente ao adiantamento do 13º salário, cujo pagamento deve ocorrer entre fevereiro e novembro.|||S|4|N|S|S|S|||0|0|N
eSocial1800|13º salário - Adiantamento|01072021||5504|1|0|9|12|0|N|N|N|N|N||S-1200-M|S|S|S|Valor referente ao adiantamento do 13º salário, cujo pagamento deve ocorrer entre fevereiro e novembro.|||S|4|N|S|S|S|||0|0|N
eSocial1810|13º salário|01012014||5001|1|12|12|12|0|N|N|N|N|N||S-1200-A;S-2299|S|S|S|Valor referente à gratificação salarial, equivalente à remuneração do mês de dezembro, cujo pagamento deve ocorrer até 20 de dezembro.||42|S|5|N|N|S|N||51|0|0|N
eSocial1820|13º salário complementar|01012014|31122016|5005|1|12|12|12|0|N|N|N|N|N||S-1200-M;S-2299|S|S|S|Valor referente ao 13° salário complementar, devido a diferenças apuradas no mês de dezembro e não consideradas na folha de 13º salário, cujo pagamento deve ocorrer até 10 de janeiro do ano seguinte.||43|S|6|N|N|S|S||51|0|0|N
eSocial1820|Diferença de reflexo da remuneração variável no 13º salário|01012017||5005|1|12|12|12|0|N|N|N|N|N||S-1200-M;S-2299|S|S|S|Valor referente ao 13° salário complementar, devido a diferenças apuradas no mês de dezembro e não consideradas na folha de 13º salário, cujo pagamento deve ocorrer até 10 de janeiro do ano seguinte.||43|S|58|N|N|S|S||51|0|0|N
eSocial1830|13º salário - Parcela final paga em dezembro|01012014|30062021|5504|3|0|0|12|0|N|N|N|N|N||S-2299|S|S|S|Valor restante de 13º salário, subtraído os adiantamentos, pago em dezembro ao empregado para fins de recolhimento do FGTS.|||N||N|N|N|N|||0|0|N
eSocial1830|13º salário - Parcela final paga em dezembro|01072021||5504|3|0|9|12|0|N|N|N|N|N||S-2299|S|S|S|Valor restante de 13º salário, subtraído os adiantamentos, pago em dezembro ao empregado para fins de recolhimento do FGTS.|||N||N|N|N|N|||0|0|N
eSocial1840|Insuficiência de saldo|01012014|30062021|2930|1|0|0|0|0|N|N|N|N|N||S-1200-M;S-1200-A;S-2299|S|S|S|Valor referente ao saldo devedor do recibo de pagamento ou do termo de rescisão, a fim de que o valor líquido não fique negativo.||66|N|57|N|N|N|N|||0|0|N
eSocial1840|Insuficiência de saldo|01072021||2930|1|0|9|0|0|N|N|N|N|N||S-1200-M;S-1200-A;S-2299|S|S|S|Valor referente ao saldo devedor do recibo de pagamento ou do termo de rescisão, a fim de que o valor líquido não fique negativo.||66|N|57|N|N|N|N|||0|0|N
eSocial1900|Adiantamento de férias|01012014|31122024|1020|1|0|13|0|0|N|N|N|N|N||S-1200-M|S|S|S|Valor referente ao adiantamento da remuneração de férias, desconsiderado o terço constitucional.|Observar que o calculo do IRRF sobre as férias é feito em calculo em separado. Artigo 29 da IN RFB 1500/2014.||N||N|N|N|N|1;3|31|0|0|N
eSocial1900|Adiantamento de férias|01012025||1016|1|0|13|0|0|N|N|N|N|N||S-1200-M|S|S|S|Valor referente ao adiantamento da remuneração de férias, desconsiderado o terço constitucional.|Observar que o calculo do IRRF sobre as férias é feito em calculo em separado. Artigo 29 da IN RFB 1500/2014.||N||N|N|N|N|1;3|31|0|0|N
eSocial1901|Adiantamento do adicional de 1/3 sobre férias|01012014|31122024|1020|1|0|13|0|0|N|N|N|N|N||S-1200-M|S|S|S|Valor referente ao adiantamento da remuneração do terço constitucional de férias.|Observar que o calculo do IRRF sobre as férias é feito em calculo em separado. Artigo 29 da IN RFB 1500/2014.||N||N|N|N|N|1;3|31|0|0|N
eSocial1901|Adiantamento do adicional de 1/3 sobre férias|01012025||1017|1|0|13|0|0|N|N|N|N|N||S-1200-M|S|S|S|Valor referente ao adiantamento da remuneração do terço constitucional de férias.|Observar que o calculo do IRRF sobre as férias é feito em calculo em separado. Artigo 29 da IN RFB 1500/2014.||N||N|N|N|N|1;3|31|0|0|N
eSocial1910|Férias - Gozadas no mês|01012014|31082016|1020|1|11|13|11|0|N|N|N|N|N||S-1200-M;S-2299|S|S|S|Valor referente à remuneração a que o empregado faz jus na época da concessão de férias, desconsiderado o terço constitucional, proporcional aos dias de férias no mês.||44|S|7|S|N|S|S||31|0|0|S
eSocial1910|Férias - Gozadas no mês|01092016|31122024|1020|1|11|13|11|0|N|N|N|N|N||S-1200-M;S-2299|S|S|S|Valor referente à remuneração a que o empregado faz jus na época da concessão de férias, desconsiderado o terço constitucional, proporcional aos dias de férias no mês.||44|N|7|S|N|N|N||31|0|0|S
eSocial1910|Férias - Gozadas no mês|01012025||1016|1|11|13|11|0|N|N|N|N|N||S-1200-M;S-2299|S|S|S|Valor referente à remuneração a que o empregado faz jus na época da concessão de férias, desconsiderado o terço constitucional, proporcional aos dias de férias no mês.||44|N|7|S|N|N|N||31|0|0|S
eSocial1920|Férias - Adicional 1/3 sobre férias gozadas no mês|01012014|31082016|1020|1|11|13|11|0|N|N|N|N|N||S-1200-M;S-2299|S|S|S|Valor referente ao terço constitucional de férias gozadas no mês.||45|S|8|N|N|S|S||31|0|0|S
eSocial1920|Férias - Adicional 1/3 sobre férias gozadas no mês|01092016|31122024|1020|1|11|13|11|0|N|N|N|N|N||S-1200-M;S-2299|S|S|S|Valor referente ao terço constitucional de férias gozadas no mês.||45|N|8|N|N|N|N||31|0|0|S
eSocial1920|Férias - Adicional 1/3 sobre férias gozadas no mês|01012025||1017|1|11|13|11|0|N|N|N|N|N||S-1200-M;S-2299|S|S|S|Valor referente ao terço constitucional de férias gozadas no mês.||45|N|8|N|N|N|N||31|0|0|S
eSocial1925|Férias - Pagamento prorrogado - Adicional 1/3 sobre férias - MP 927/2020|01042020|30042020|1020|1|11|13|11|0|N|N|N|N|N||S-1200-M;S-2299|S|N|N|Valor referente ao terço constitucional de férias gozadas previsto pela Medida Provisória 927/2020 para pagamento até 20/12/2020.||68|S|60|N|N|S|S||31|0|0|N
eSocial1925|Férias - Pagamento prorrogado - Adicional 1/3 sobre férias - MP 1.046/2021|01042021|30112021|1020|1|11|13|11|0|N|N|N|N|N||S-1200-M;S-2299|S|N|S|Valor referente ao terço constitucional de férias gozadas previsto pela Medida Provisória 1.046/2021 para pagamento até 20/12/2021.||68|S|60|N|N|S|S||31|0|0|N
eSocial1925|Férias - Pagamento prorrogado - Adicional 1/3 sobre férias - MP 927/2020|01052020|31122020|1020|1|11|13|11|0|N|N|N|N|N||S-1200-M|S|N|N|Valor referente ao terço constitucional de férias gozadas previsto pela Medida Provisória 927/2020 para pagamento até 20/12/2020.||68|S|60|N|N|S|S||31|0|0|N
eSocial1930|Férias - Abono pecuniário de férias|01012014|31082016|1023|1|0|75|0|0|N|N|N|N|N||S-1200-M;S-2299|S|S|S|Valor referente à conversão em dinheiro de 1/3 dos dias de férias a que o empregado possui direito.|Ato Declaratório PGFN nº 6, de 16 de novembro de 2006.|46|S|9|N|N|S|S|1;4|47|0|0|N
eSocial1930|Férias - Abono pecuniário de férias|01092016||1023|1|0|75|0|0|N|N|N|N|N||S-1200-M;S-2299|S|S|S|Valor referente à conversão em dinheiro de 1/3 dos dias de férias a que o empregado possui direito.|Ato Declaratório PGFN nº 6, de 16 de novembro de 2006.|46|N|9|N|N|N|N|1;4|47|0|0|N
eSocial1940|Férias - Adicional 1/3 sobre abono pecuniário|01012014|31082016|1023|1|0|13|0|0|N|N|N|N|N||S-1200-M;S-2299|S|S|S|Valor referente ao terço constitucional de férias, incidente sobre o abono pecuniário de férias no mês.|Ato Declaratório PGFN nº 6, de 16 de novembro de 2006.|47|S|10|N|N|S|S|1;4|47|0|0|N
eSocial1940|Férias - Adicional 1/3 sobre abono pecuniário|01092016||1023|1|0|13|0|0|N|N|N|N|N||S-1200-M;S-2299|S|S|S|Valor referente ao terço constitucional de férias, incidente sobre o abono pecuniário de férias no mês.|Ato Declaratório PGFN nº 6, de 16 de novembro de 2006.|47|N|10|N|N|N|N|1;4|31|0|0|N
eSocial1945|Férias - Pagamento prorrogado - Abono pecuniário de férias + 1/3 - MP 927/2020|01042020|30042020|1023|1|0|75|0|0|N|N|N|N|N||S-1200-M;S-2299|S|N|N|Valor referente à conversão em dinheiro de 1/3 dos dias a que o empregado possui direito e do seu terço constitucional de férias, incidente sobre o abono pecuniário de férias no mês, previsto pela Medida Provisória 927/2020 para pagamento até 20/12/2020.||69|S|61|N|N|S|S||47|0|0|N
eSocial1945|Férias - Pagamento prorrogado - Abono pecuniário de férias + 1/3 - MP 1.046/2021|01042021|30112021|1023|1|0|75|0|0|N|N|N|N|N||S-1200-M;S-2299|S|N|S|Valor referente à conversão em dinheiro de 1/3 dos dias a que o empregado possui direito e do seu terço constitucional de férias, incidente sobre o abono pecuniário de férias no mês, previsto pela Medida Provisória 1.046/2021 para pagamento até 20/12/2021.||69|S|61|N|N|S|S||47|0|0|N
eSocial1945|Férias - Pagamento prorrogado - Abono pecuniário de férias + 1/3 - MP 927/2020|01052020|31122020|1023|1|0|75|0|0|N|N|N|N|N||S-1200-M|S|N|N|Valor referente à conversão em dinheiro de 1/3 dos dias a que o empregado possui direito e do seu terço constitucional de férias, incidente sobre o abono pecuniário de férias no mês, previsto pela Medida Provisória 927/2020 para pagamento até 20/12/2020.||69|S|61|N|N|S|S||47|0|0|N
eSocial1950|Férias - O dobro na vigência do contrato|01012014|31082016|1024|1|0|13|0|0|N|N|N|N|N||S-1200-M;S-2299|S|S|S|Valor referente à dobra da remuneração de férias gozadas no mês, por terem sido concedidas após o prazo legal, inclusive o terço constitucional.||48|S|11|N|N|S|S|1;4|31|0|0|N
eSocial1950|Férias - O dobro na vigência do contrato|01092016||1024|1|0|13|0|0|N|N|N|N|N||S-1200-M;S-2299|S|S|S|Valor referente à dobra da remuneração de férias gozadas no mês, por terem sido concedidas após o prazo legal, inclusive o terço constitucional.||48|N|11|N|N|N|N|1;4|31|0|0|N
eSocial1955|Abono pecuniário de férias - O dobro na vigência do contrato|01012014|31082016|1024|1|0|75|0|0|N|N|N|N|N||S-1200-M;S-2299|S|S|S|Valor referente à dobra do abono pecuniário de férias, por ter sido concedido após o prazo legal, inclusive o terço constitucional.||49|S|12|N|N|S|S|1;4|47|0|0|N
eSocial1955|Abono pecuniário de férias - O dobro na vigência do contrato|01092016||1024|1|0|75|0|0|N|N|N|N|N||S-1200-M;S-2299|S|S|S|Valor referente à dobra do abono pecuniário de férias, por ter sido concedido após o prazo legal, inclusive o terço constitucional.||49|N|12|N|N|N|N|1;4|47|0|0|N
eSocial1960|Diárias de viagem - até 50% do salário|01012014|31102017|1651|1|0|72|0|0|N|N|N|N|N||S-1200-M;S-2299|N|N|N|Valor pago ao empregado a título de diária de viagem, desde que não exceda a 50% do seu salário-base mensal.|||S||N|N|S|S||0|0|0|N
eSocial1970|Diárias de viagem - acima de 50% do salário|01012014|31102017|1652|1|11|11|11|0|N|S|S|S|S||S-1200-M;S-2299|N|N|N|Valor pago ao empregado a título de diária de viagem, superior a 50% do salário-base mensal.|||S||S|N|S|S||31|0|0|S
eSocial1975|Diárias de viagem|01052018||1650|1|0|72|0|0|N|N|N|N|N||S-1200-M;S-2299|N|N|N|Valor pago ao empregado a título de diária de viagem.|||S||N|N|S|S||0|0|0|N
eSocial1980|Ajuda de custo de transferência (Parcela única)|01012014||1602|1|0|73|0|0|N|N|N|N|N||S-1200-M;S-2299|N|N|N|Valor pago ao trabalhador em parcela única, em razão de transferência de seu local trabalho (art. 470 CLT).|||S||N|N|S|S||0|0|0|N
eSocial1981|Ajuda de custo|01012014||1603|1|0|73|0|0|N|N|N|N|N||S-1200-M;S-2299|N|S|S|Ajuda de custo paga ao trabalhador|||S||N|N|S|S||0|0|0|N
eSocial1982|Ressarcimento de despesas pelo uso de veículo próprio|01012014||1620|1|0|9|0|0|N|N|N|N|N||S-1200-M;S-2299|N|S|S|Ressarcimento de despesas ao trabalhador, pela utilização de veículo de sua propriedade|||S||N|N|S|S||0|0|0|N
eSocial1983|Ressarcimento de despesas de viagem, exceto despesas com veículos|01012014||1621|1|0|9|0|0|N|N|N|N|N||S-1200-M;S-2299|N|S|S|Ressarcimento de despesas pagas com recursos do trabalhador em viagens a trabalho|||S||N|N|S|S||0|0|0|N
eSocial1984|Ressarcimento de provisão|01012014||1623|1|0|9|0|0|N|N|N|N|N||S-1200-M;S-2299|N|S|S|Ressarcimento de desconto efetuado em recibos de férias relativo a provisão de contribuição previdenciária|||S||N|N|S|S||0|0|0|N
eSocial1985|Ressarcimento de outras despesas|01012014||1629|1|0|9|0|0|N|N|N|N|N||S-1200-M;S-2299|N|S|S|Ressarcimento de outras despesas pagas pelo trabalhador, não previstas nos itens anteriores|||S||N|N|S|S||0|0|0|N
eSocial1990|Reembolsos diversos (com natureza salarial)|01012014|31072021|2920|1|11|11|11|0|N|N|N|N|N||S-1200-M;S-2299|N|N|N|Valor relativo a reembolsos diversos referentes a descontos indevidos, com natureza salarial, efetuados em competências anteriores.|||S||S|N|S|S||31|0|0|S
eSocial2000|Ajuda Compensatória - Lei 14.020/2020|01042020|31122020|1619|1|0|0|0|0|N|N|N|N|N||S-1200-M;S-2299|S|N|N|Ajuda compensatória paga pelo empregador ao empregado durante período de suspensão do contrato de trabalho ou redução proporcional de salário e jornada.||70|S|62|S|N|S|S||47|0|0|N
eSocial2000|Ajuda Compensatória - MP 1.045/2021|01042021|30062021|1619|1|0|0|0|0|N|N|N|N|N||S-1200-M;S-2299|S|S|S|Ajuda compensatória paga pelo empregador ao empregado durante período de suspensão do contrato de trabalho ou redução proporcional de salário e jornada.||70|S|62|S|N|S|S||47|0|0|N
eSocial2000|Ajuda Compensatória - MP 1.045/2021|01072021||1619|1|0|9|0|0|N|N|N|N|N||S-1200-M;S-2299|S|S|S|Ajuda compensatória paga pelo empregador ao empregado durante período de suspensão do contrato de trabalho ou redução proporcional de salário e jornada.||70|S|62|S|N|S|S||47|0|0|N
eSocial2020|Reembolsos diversos (sem natureza salarial)|01012014|30062021|2920|1|0|0|0|0|N|N|N|N|N||S-1200-M;S-2299|N|N|N|Valor relativo a reembolsos diversos referentes a descontos indevidos, sem natureza salarial, efetuados em competências anteriores.|||S||N|N|S|S|||0|0|N
eSocial2020|Reembolsos diversos (sem natureza salarial)|01072021|31072021|2920|1|0|9|0|0|N|N|N|N|N||S-1200-M;S-2299|N|N|N|Valor relativo a reembolsos diversos referentes a descontos indevidos, sem natureza salarial, efetuados em competências anteriores.|||S||N|N|S|S|||0|0|N
eSocial2030|PLR - Participação nos lucros e resultados|01012014||1300|1|0|14|0|0|N|N|N|N|N||S-1200-M;S-2299|N|N|N|Valor paga ao empregado relativo a participação nos lucros e resultados da empresa|||S||N|N|S|S||0|0|0|N
eSocial2050|Arredondamentos|01012014||2999|1|0|9|0|0|N|N|N|N|N||S-1200-M;S-2299|N|S|S|Valor lançado em folha de pagamento, não superior a 99 centavos, relativo a arrendamentos|||S||N|N|S|S||0|0|0|N
eSocial2100|Estagiários - Bolsa|01012014||1350|1|0|11|0|0|N|N|N|N|N||S-1200-M|N|N|N|Valor pago ao estagiário em atividades práticas de complementação do currículo escolar, inclusive os valores pagos a título de recesso remunerado. Lei nº 11.788 de 25/09/2008.|||S||N|N|S|S||31|0|0|N
eSocial2110|Numerário - Remuneração do contribuinte individual|01012014||3501|1|11|11|0|0|N|N|N|N|N||S-1200-M|N|N|N|Valor referente ao pagamento dos serviços prestados à empresa pelo contribuinte individual|||S||N|N|S|S||31|0|0|S
eSocial2120|Honorários|01012014||3501|1|11|11|0|0|N|S|N|N|S||S-1200-M|N|N|N|Valor pago ao profissional liberal que presta serviços diretamente à empresa.|||S||N|N|S|S||31|0|0|S
eSocial2130|Retiradas (pró-labore) de proprietários ou sócios|01012014||3508|1|11|11|0|0|N|N|N|N|N||S-1200-M|N|N|N|Valor referente ao Pró-labore ou retirada (remuneração) paga a proprietários ou sócios da empresa.|||S||N|N|S|S||31|0|0|S
eSocial2131|Retiradas (pró-labore) de diretores (não empregados) optantes pelo FGTS|01012014||3506|1|11|11|11|0|N|N|N|N|N||S-1200-M;S-2299|N|N|N|Valor referente ao Pró-labore ou retirada (remuneração) paga a diretores não empregados.|||S||N|N|S|S||31|0|0|S
eSocial2500|Base de Cálculo do FGTS - Reclamatória Trabalhista|01012014||9939|3|0|0|11|0|N|N|N|N|N||S-1200-M;S-2299|S|N|N|Valor referente à base de cálculo do FGTS para recolhimento em decorrência de sentença em Processo Trabalhista.|||S||N|S|S|S||0|0|0|N
eSocial3000|Saldo de salários|01012014||6000|1|11|11|11|0|N|N|N|N|N||S-2299|S|S|S|Valor referente aos dias trabalhados no mês da rescisão contratual, desconsideradas as faltas e o respectivo DSR.||1|N||S|N|S|N||31|0|0|S
eSocial3010|13º salário sobre o aviso prévio indenizado|01012014||6001|1|12|74|21|0|N|N|N|N|N||S-2299|S|S|S|Valor referente ao 13º salário incidente sobre o aviso prévio indenizado, por ocasião da rescisão do contrato de trabalho.||7|N||N|N|S|N||46|0|0|S
eSocial3020|13º salário proporcional|01012014||6002|1|12|12|12|0|N|N|N|N|N||S-2299|S|S|S|Valor referente ao 13º salário proporcional, por ocasião da rescisão do contrato de trabalho.||2|N||N|N|S|N||51|0|0|S
eSocial3030|Aviso prévio indenizado|01012014||6003|1|0|74|21|0|N|N|N|N|N||S-2299|S|S|S|Valor referente à remuneração do aviso prévio indenizado, calculado de acordo com o tempo de serviço do empregado.||6|N||N|N|S|N||46|0|0|N
eSocial3040|Férias vencidas - em dobro - na rescisão|01012014||6004|1|0|74|0|0|N|N|N|N|N||S-2299|S|S|S|Valor referente à remuneração dobrada de férias, em virtude da não concessão no prazo legal, por ocasião da rescisão do contrato de trabalho.|Ato Declaratório PGFN nº 14, de 2 de dezembro de 2008.|56|N||N|N|S|N||46|0|0|N
eSocial3050|Férias proporcionais|01012014||6006|1|0|74|0|0|N|N|N|N|N||S-2299|S|S|S|Valor referente a férias proporcionais, por ocasião da rescisão do contrato de trabalho.|Ato Declaratório PGFN nº 5, de 16 de novembro de 2006.|4|N||N|N|S|N||46|0|0|N
eSocial3060|Férias vencidas|01012014||6007|1|0|74|0|0|N|N|N|N|N||S-2299|S|S|S|Valor referente a férias vencidas, mas dentro do período concessivo, por ocasião da rescisão do contrato de trabalho.|Parecer PGFN CAT nº 2.956, de 2009, de 7 de abril de 2010, item 11. Citado no Parecer PGFN CAT nº 614, de 2010.|3|N||N|N|S|N||46|0|0|N
eSocial3065|Férias sobre o aviso prévio indenizado|01012014||6006|1|0|74|0|0|N|N|N|N|N||S-2299|S|S|S|Valor referente a férias incidentes sobre o aviso prévio indenizado, por ocasião da rescisão do contrato de trabalho.||8|N||N|N|S|N||46|0|0|N
eSocial3070|Adicional de 1/3 sobre férias|01012014||6007|1|0|74|0|0|N|N|N|N|N||S-2299|S|S|S|Valor referente ao terço constitucional de férias vencidas, inclusive em dobro, e/ou proporcionais, inclusive sobre o aviso prévio indenizado.|XI - adicional de 1/3 (um terço) previsto no inciso XVII do art. 7º da Constituição Federal, quando agregado a pagamento de férias - simples ou proporcionais - vencidas e não gozadas, convertidas em pecúnia, em razão de rescisão do contrato de trabalho (Ato Declaratório PGFN nº 6, de 1º de dezembro de 2008).|5|N||N|N|N|N||46|0|0|N
eSocial3080|Indenização do art. 9º da Lei 7.238/1984|01012014||6102|1|0|74|0|0|N|N|N|N|N||S-2299|S|N|N|Valor pago ao empregado a título de indenização quando a dispensa ocorrer sem justa causa dentro dos trinta dias que antecedem a data base.||70|N||N|N|S|N||46|0|0|N
eSocial3090|Indenização do art. 14 da lei nº 5.889, de 8 de junho de 1973|01012014||6103|1|0|74|0|0|N|N|N|N|N||S-2299|N|N|N|Valor pago ao safrista, a título de indenização do tempo de serviço, importância correspondente a 1/12 (um doze avos) do salário mensal, por mês de serviço ou fração superior a 14 (quatorze) dias.||70|N||N|N|S|N||46|0|0|N
eSocial3100|Indenização pela extinção antecipada do contrato a termo|01012014||6104|1|0|74|0|0|N|N|N|N|N||S-2299|S|S|S|Valor referente à indenização correspondente à metade da remuneração devida ao empregado até o termino do contrato por prazo determinado em caso de rescisão antecipada, por iniciativa do empregador.||11|N||N|N|S|N||46|0|0|N
eSocial3110|Multa por atraso no pagamento da rescisão (art. 477, § 8º, da CLT)|01012014||6106|1|0|74|0|0|N|N|N|N|N||S-2299|S|S|S|Valor referente à indenização por atraso no pagamento de rescisão do contrato de trabalho.||10|N||N|N|S|N||46|0|0|N
eSocial3120|Indenização por quebra de estabilidade|01012014||6107|1|0|74|0|0|N|N|N|N|N||S-2299|S|S|S|Valor referente à indenização por desligamento durante período de estabilidade legal, ou estabilidade derivada de acordo ou convenção coletiva de trabalho.||12|N||N|N|S|N||46|0|0|N
eSocial3200|Indenização rescisória - Programa Emergencial de Manutenção do Emprego e da Renda|01042020|30062021|6119|1|0|0|0|0|N|N|N|N|N||S-2299|S|S|S|Indenização pela dispensa sem justa causa que ocorrer durante o período de garantia provisória no emprego de que trata o Programa Emergencial de Manutenção do Emprego e da Renda.||71|S||S|N|S|S||46|0|0|N
eSocial3200|Indenização rescisória - Programa Emergencial de Manutenção do Emprego e da Renda|01072021||6119|1|0|9|0|0|N|N|N|N|N||S-2299|S|S|S|Indenização pela dispensa sem justa causa que ocorrer durante o período de garantia provisória no emprego de que trata o Programa Emergencial de Manutenção do Emprego e da Renda.||71|S||S|N|S|S||46|0|0|N
eSocial3500|Diferença de remuneração mensal|01012014|30062016|1000|1|11|11|11|0|S|S|S|S|S||S-1200-M;S-2299|S|S|S|Valor referente à diferença de remuneração mensal do empregado (exceto 13º salário e férias), relativa a mês(es) anterior(es), paga retroativamente.||57|S|47|N|N|S|S||31|0|0|S
eSocial3500|Retroativo - Diferença de remuneração mensal|01072016||1000|1|11|11|11|0|S|S|S|S|S||S-1200-M;S-2299|S|S|S|Valor referente à diferença de remuneração mensal do empregado (exceto 13º salário e férias), relativa a mês(es) anterior(es), paga retroativamente.||57|S|47|N|N|S|S||31|0|0|S
eSocial3501|Diferença de 13º salário|01012014|30062016|5001|1|12|12|12|0|N|N|N|N|N||S-1200-M;S-2299|S|S|S|Valor referente à diferença de 13º salário do empregado, relativa a ano atual ou anterior, paga retroativamente.||58|S|48|N|N|S|S||51|0|0|N
eSocial3501|Retroativo - Diferença de 13º salário|01072016||5001|1|12|12|12|0|N|N|N|N|N||S-1200-M;S-2299|S|S|S|Valor referente à diferença de 13º salário do empregado, relativa a ano atual ou anterior, paga retroativamente.||58|S|48|N|N|S|S||51|0|0|N
eSocial3502|Diferença de férias gozadas|01012014|30062016|1020|1|11|13|11|0|N|N|N|N|N||S-1200-M;S-2299|S|S|S|Valor referente à diferença de férias do empregado acrescidas do terço constitucional, relativa a mês(es) atual ou anterior(es), paga retroativamente.||59|S|49|N|N|S|S||31|0|0|S
eSocial3502|Retroativo - Diferença de férias gozadas|01072016|31122024|1020|1|11|13|11|0|N|N|N|N|N||S-1200-M;S-2299|S|S|S|Valor referente à diferença de férias do empregado, desconsiderado o terço constitucional, relativa a mês(es) atual ou anterior(es), paga retroativamente.||59|S|49|N|N|S|S||31|0|0|S
eSocial3502|Retroativo - Diferença de férias gozadas|01012025||1016|1|11|13|11|0|N|N|N|N|N||S-1200-M;S-2299|S|S|S|Valor referente à diferença de férias do empregado, desconsiderado o terço constitucional, relativa a mês(es) atual ou anterior(es), paga retroativamente.||59|S|49|N|N|S|S||31|0|0|S
eSocial3503|Diferença de verbas indenizatórias|01012014|30062016|6129|1|0|0|0|0|N|N|N|N|N||S-1200-M;S-2299|S|S|S|Valor referente à diferença de verbas indenizatórias (sem natureza de remuneração), relativa a mês(es) anterior(es), paga retroativamente.||60|S|50|N|N|S|S|||0|0|N
eSocial3503|Retroativo - Diferença de verbas indenizatórias|01072016|30062021|6129|1|0|0|0|0|N|N|N|N|N||S-1200-M;S-2299|S|S|S|Valor referente à diferença de verbas indenizatórias (sem natureza de remuneração), relativa a mês(es) anterior(es), paga retroativamente.||60|S|50|N|N|S|S|||0|0|N
eSocial3503|Retroativo - Diferença de verbas indenizatórias|01072021||6129|1|0|9|0|0|N|N|N|N|N||S-1200-M;S-2299|S|S|S|Valor referente à diferença de verbas indenizatórias (sem natureza de remuneração), relativa a mês(es) anterior(es), paga retroativamente.||60|S|50|N|N|S|S|||0|0|N
eSocial3504|Diferença de salário maternidade (pago pelo INSS)|01012014|30062016|4050|3|25|0|11|0|N|N|N|N|N||S-1200-M;S-2299|S|S|S|Valor referente à diferença de remuneração mensal da empregada afastada em virtude de licença-maternidade, relativa a mês(es) anterior(es).||61|S|51|N|N|S|S|2||0|0|N
eSocial3504|Retroativo - Diferença de salário maternidade (pago pelo INSS)|01072016|30062021|4050|3|25|0|11|0|N|N|N|N|N||S-1200-M;S-2299|S|S|S|Valor referente à diferença de remuneração mensal da empregada afastada em virtude de licença-maternidade, relativa a mês(es) anterior(es).||61|S|51|N|N|S|S|2||0|0|N
eSocial3504|Retroativo - Diferença de salário maternidade (pago pelo INSS)|01072021||9930|3|25|9|11|0|N|N|N|N|N||S-1200-M;S-2299|S|S|S|Valor referente à diferença de remuneração mensal da empregada afastada em virtude de licença-maternidade, relativa a mês(es) anterior(es).||61|S|51|N|N|S|S|2||0|0|N
eSocial3505|Diferença de salário maternidade - 13º salário (pago pelo INSS)|01012014|30062016|4051|3|26|0|12|0|N|N|N|N|N||S-1200-M;S-2299|S|S|S|Valor referente à diferença de remuneração mensal da empregada afastada em virtude de licença-maternidade, proporcional aos meses de afastamento no ano atual ou anterior.||62|S|52|N|N|S|S|2||0|0|N
eSocial3505|Retroativo - Diferença de salário maternidade - 13º salário (pago pelo INSS)|01072016|30062021|4051|3|26|0|12|0|N|N|N|N|N||S-1200-M;S-2299|S|S|S|Valor referente à diferença de remuneração mensal da empregada afastada em virtude de licença-maternidade, proporcional aos meses de afastamento no ano atual ou anterior.||62|S|52|N|N|S|S|2||0|0|N
eSocial3505|Retroativo - Diferença de salário maternidade - 13º salário (pago pelo INSS)|01072021||9931|3|26|9|12|0|N|N|N|N|N||S-1200-M;S-2299|S|S|S|Valor referente à diferença de remuneração mensal da empregada afastada em virtude de licença-maternidade, proporcional aos meses de afastamento no ano atual ou anterior.||62|S|52|N|N|S|S|2||0|0|N
eSocial3506|Diferença de auxílio-doença acidentário (pago pelo INSS)|01012014|30062016|9932|3|0|0|11|0|N|N|N|N|N||S-1200-M;S-2299|S|S|S|Valor referente à diferença de remuneração mensal do empregado afastado em virtude de auxílio-doença por acidente do trabalho ou doença ocupacional, relativa a mês(es) anterior(es).||63|S|53|N|N|S|S|2||0|0|N
eSocial3506|Retroativo - Diferença de auxílio-doença acidentário (pago pelo INSS)|01072016|30062021|9932|3|0|0|11|0|N|N|N|N|N||S-1200-M;S-2299|S|S|S|Valor referente à diferença de remuneração mensal do empregado afastado em virtude de auxílio-doença por acidente do trabalho ou doença ocupacional, relativa a mês(es) anterior(es).||63|S|53|N|N|S|S|2||0|0|N
eSocial3506|Retroativo - Diferença de auxílio-doença acidentário (pago pelo INSS)|01072021||9932|3|0|9|11|0|N|N|N|N|N||S-1200-M;S-2299|S|S|S|Valor referente à diferença de remuneração mensal do empregado afastado em virtude de auxílio-doença por acidente do trabalho ou doença ocupacional, relativa a mês(es) anterior(es).||63|S|53|N|N|S|S|2||0|0|N
eSocial3507|Diferença de salário base do serviço militar obrigatório|01012014|30062016|9905|3|0|0|11|0|N|N|N|N|N||S-1200-M;S-2299|S|S|S|Valor referente à diferença de remuneração mensal do empregado afastado para prestação de serviço militar obrigatório, relativa a mês(es) anterior(es).||64|S|54|N|N|S|S|2||0|0|N
eSocial3507|Retroativo - Diferença de salário base do serviço militar obrigatório|01072016|30062021|9905|3|0|0|11|0|N|N|N|N|N||S-1200-M;S-2299|S|S|S|Valor referente à diferença de remuneração mensal do empregado afastado para prestação de serviço militar obrigatório, relativa a mês(es) anterior(es).||64|S|54|N|N|S|S|2||0|0|N
eSocial3507|Retroativo - Diferença de salário base do serviço militar obrigatório|01072021||9905|3|0|9|11|0|N|N|N|N|N||S-1200-M;S-2299|S|S|S|Valor referente à diferença de remuneração mensal do empregado afastado para prestação de serviço militar obrigatório, relativa a mês(es) anterior(es).||64|S|54|N|N|S|S|2||0|0|N
eSocial3508|Diferença de férias gozadas|01072016|31122024|1020|1|11|13|11|0|N|N|N|N|N||S-1200-M;S-2299|S|S|S|Valor referente à diferença de férias, relativa a mês(es) atual ou anterior(es), paga retroativamente.||50|S|13|N|N|S|S||31|0|0|S
eSocial3508|Diferença de férias gozadas|01012025||1016|1|11|13|11|0|N|N|N|N|N||S-1200-M;S-2299|S|S|S|Valor referente à diferença de férias, relativa a mês(es) atual ou anterior(es), paga retroativamente.||50|S|13|N|N|S|S||31|0|0|S
eSocial3509|Diferença do adicional de 1/3 sobre férias gozadas|01072016|31122024|1020|1|11|13|11|0|N|N|N|N|N||S-1200-M;S-2299|S|S|S|Valor referente à diferença do terço constitucional de férias, relativa a mês(es) atual ou anterior(es), paga retroativamente.||51|S|14|N|N|S|S||31|0|0|S
eSocial3509|Diferença do adicional de 1/3 sobre férias gozadas|01012025||1017|1|11|13|11|0|N|N|N|N|N||S-1200-M;S-2299|S|S|S|Valor referente à diferença do terço constitucional de férias, relativa a mês(es) atual ou anterior(es), paga retroativamente.||51|S|14|N|N|S|S||31|0|0|S
eSocial3510|Diferença de abono pecuniário de férias|01072016||1023|1|0|75|0|0|N|N|N|N|N||S-1200-M;S-2299|S|S|S|Valor referente à diferença de abono pecuniário de férias, desconsiderado o terço constitucional, relativa a mês(es) atual ou anterior(es), paga retroativamente.|Ato Declaratório PGFN nº 6, de 16 de novembro de 2006.|52|S|15|N|N|S|S||47|0|0|N
eSocial3511|Diferença do adicional de 1/3 sobre abono pecuniário|01072016||1023|1|0|75|0|0|N|N|N|N|N||S-1200-M;S-2299|S|S|S|Valor referente à diferença do terço constitucional de férias incidente sobre o abono pecuniário de férias, relativa a mês(es) atual ou anterior(es), paga retroativamente.|Ato Declaratório PGFN nº 6, de 16 de novembro de 2006.|53|S|16|N|N|S|S||47|0|0|N
eSocial3512|Diferença da dobra de férias na vigência do contrato|01072016||1024|1|0|13|0|0|N|N|N|N|N||S-1200-M;S-2299|S|S|S|Valor referente à diferença da dobra da remuneração de férias gozadas, inclusive o terço constitucional, relativa a mês(es) atual ou anterior(es), paga retroativamente.||54|S|17|N|N|S|S||31|0|0|N
eSocial3513|Diferença da dobra de abono pecuniário de férias|01072016||1024|1|0|75|0|0|N|N|N|N|N||S-1200-M;S-2299|S|S|S|Valor referente à diferença da dobra do abono pecuniário de férias, inclusive o terço constitucional, relativa a mês(es) atual ou anterior(es), paga retroativamente.||55|S|18|N|N|S|S||47|0|0|N
eSocial4000|Saldo para pgto prorrogado do adicional de 1/3 sobre férias gozadas - MP 927/2020|01042020|30112020|1020|1|11|13|11|0|N|N|N|N|N||S-2299|S|N|N|Valor restante para pagamento do terço constitucional de férias gozadas previsto pela Medida Provisória 927/2020, prorrogado para pagamento até 20/12/2020.||72|N|63|N|N|N|N||31|0|0|S
eSocial4000|Saldo para pgto prorrogado do adicional de 1/3 sobre férias gozadas - MP 1.046/2021|01042021|30112021|1020|1|11|13|11|0|N|N|N|N|N||S-2299|S|N|N|Valor restante para pagamento do terço constitucional de férias gozadas previsto pela Medida Provisória 1.046/2021, prorrogado para pagamento até 20/12/2021.||72|N|63|N|N|N|N||31|0|0|S
eSocial4000|Saldo para pgto prorrogado do adicional de 1/3 sobre férias gozadas - MP 927/2020|01122020|31122020|1020|1|11|13|11|0|N|N|N|N|N||S-1200-M;S-2299|S|N|N|Valor restante para pagamento do terço constitucional de férias gozadas previsto pela Medida Provisória 927/2020, prorrogado para pagamento até 20/12/2020.||72|N|63|N|N|N|N||31|0|0|S
eSocial4000|Saldo para pgto prorrogado do adicional de 1/3 sobre férias gozadas - MP 1.046/2021|01122021|31122021|1020|1|11|13|11|0|N|N|N|N|N||S-1200-M;S-2299|S|N|N|Valor restante para pagamento do terço constitucional de férias gozadas previsto pela Medida Provisória 1.046/2021, prorrogado para pagamento até 20/12/2021.||72|N|63|N|N|N|N||31|0|0|S
eSocial4001|Saldo para pgto prorrogado do abono pecuniário e 1/3 sobre abono - MP 927/2020|01042020|30112020|1023|1|0|75|0|0|N|N|N|N|N||S-2299|S|N|N|Valor restante para pagamento do abono pecuniário e 1/3 sobre abono previsto pela Medida Provisória 927/2020, prorrogado para pagamento até 20/12/2020.||73|N|64|N|N|N|N||47|0|0|N
eSocial4001|Saldo para pgto prorrogado do abono pecuniário e 1/3 sobre abono - MP 1.046/2021|01042021|30112021|1023|1|0|75|0|0|N|N|N|N|N||S-2299|S|N|N|Valor restante para pagamento do abono pecuniário e 1/3 sobre abono previsto pela Medida Provisória 1.046/2021, prorrogado para pagamento até 20/12/2021.||73|N|64|N|N|N|N||47|0|0|N
eSocial4001|Saldo para pgto prorrogado do abono pecuniário e 1/3 sobre abono - MP 927/2020|01122020|31122020|1023|1|0|75|0|0|N|N|N|N|N||S-1200-M;S-2299|S|N|N|Valor restante para pagamento do abono pecuniário e 1/3 sobre abono previsto pela Medida Provisória 927/2020, prorrogado para pagamento até 20/12/2020.||73|N|64|N|N|N|N||47|0|0|N
eSocial4001|Saldo para pgto prorrogado do abono pecuniário e 1/3 sobre abono - MP 1.046/2021|01122021|31122021|1023|1|0|75|0|0|N|N|N|N|N||S-1200-M;S-2299|S|N|N|Valor restante para pagamento do abono pecuniário e 1/3 sobre abono previsto pela Medida Provisória 1.046/2021, prorrogado para pagamento até 20/12/2021.||73|N|64|N|N|N|N||47|0|0|N
eSocial5000|Desconto do aviso prévio não cumprido|01012014|30062021|6901|2|0|0|0|0|N|N|N|N|N||S-2299|S|S|S|Desconto referente ao pedido de demissão do empregado sem cumprimento do aviso prévio.||12|N||N|N|S|N||46|0|0|S
eSocial5000|Desconto do aviso prévio não cumprido|01072021||6901|2|0|9|0|0|N|N|N|N|N||S-2299|S|S|S|Desconto referente ao pedido de demissão do empregado sem cumprimento do aviso prévio.||12|N||N|N|S|N||46|0|0|S
eSocial5010|Multa da extinção antecipada do contrato a termo|01012014|30062021|6904|2|0|0|0|0|N|N|N|N|N||S-2299|S|S|S|Desconto referente à rescisão antecipada do contrato de trabalho por prazo determinado, por iniciativa do empregado.||13|N||N|N|S|N|||0|0|S
eSocial5010|Multa da extinção antecipada do contrato a termo|01072021||6904|2|0|9|0|0|N|N|N|N|N||S-2299|S|S|S|Desconto referente à rescisão antecipada do contrato de trabalho por prazo determinado, por iniciativa do empregado.||13|N||N|N|S|N|||0|0|S
eSocial5020|Desconto do adiantamento de salário|01012014||9200|2|0|11|0|0|N|N|N|N|N||S-1200-M;S-2299|N|N|N|Valor referente ao desconto a título de adiantamento dos salários.|||N||N|N|N|N||31|0|0|N
eSocial5029|Desconto de adiantamento de férias e adicional de 1/3 no mês|01012014||9221|2|0|13|0|0|N|N|N|N|N||S-2299|S|S|S|Desconto referente ao pagamento das férias ocorrido no mês anterior, inclusive terço constitucional, proporcional aos dias de férias no mês.||10|N||N|N|S|N||31|0|0|N
eSocial5030|Desconto de adiantamento de férias e adicional de 1/3 no mês|01072016|31082016|9221|2|0|13|0|0|N|N|N|N|N||S-1200-M|S|S|S|Desconto referente ao pagamento das férias ocorrido no mês anterior, inclusive terço constitucional, proporcional aos dias de férias no mês.|||S|13|N|N|S|S||31|0|0|N
eSocial5030|Desconto de adiantamento de férias e adicional de 1/3 no mês|01092016||9221|2|0|13|0|0|N|N|N|N|N||S-1200-M|S|S|S|Desconto referente ao pagamento das férias ocorrido no mês anterior, inclusive terço constitucional, proporcional aos dias de férias no mês.|||N|13|N|N|N|N||31|0|0|N
eSocial5031|Desconto de pagamento de férias gozadas e abono pecuniário|01012014|30062021|9221|2|0|0|0|0|N|N|N|N|N||S-2299|S|S|S|Desconto referente ao pagamento de férias gozadas e abono pecuniário, inclusive respectivos terços constitucionais.||11|N||N|N|S|S|||0|0|N
eSocial5031|Desconto de pagamento de férias gozadas e abono pecuniário|01072021||9221|2|0|9|0|0|N|N|N|N|N||S-2299|S|S|S|Desconto referente ao pagamento de férias gozadas e abono pecuniário, inclusive respectivos terços constitucionais.||11|N||N|N|S|S|||0|0|N
eSocial5032|Desconto de pagamento de férias gozadas/vendidas|01042020|30062021|9221|2|0|0|0|0|N|N|N|N|N||S-2299|S|S|S|Desconto referente ao pagamento de férias gozadas e abono pecuniário, inclusive respectivos terços constitucionais, em caso de antecipação de férias em período aquisitivo em curso.||32|N||N|N|S|S||46|0|0|N
eSocial5032|Desconto de pagamento de férias gozadas/vendidas|01072021||9221|2|0|9|0|0|N|N|N|N|N||S-2299|S|S|S|Desconto referente ao pagamento de férias gozadas e abono pecuniário, inclusive respectivos terços constitucionais, em caso de antecipação de férias em período aquisitivo em curso.||32|N||N|N|S|S||46|0|0|N
eSocial5035|Estorno para prorrogação pgto. adicional de 1/3 de férias - MP 927/2020|01032020|31122020|1020|2|11|13|11|0|N|N|N|N|N||S-1200-M|S|S|S|Valor referente ao estorno do terço constitucional de férias gozadas previsto pela Medida Provisória 927/2020 para pagamento até 20/12/2020.|||S|35|N|N|S|S||31|0|0|S
eSocial5035|Estorno para prorrogação pgto. adicional de 1/3 de férias - MP 1.046/2021|01042021|31122021|1020|2|11|13|11|0|N|N|N|N|N||S-1200-M|S|N|S|Valor referente ao estorno do terço constitucional de férias gozadas previsto pela Medida Provisória 1.046/2021 para pagamento até 20/12/2021.|||S|35|N|N|S|S||31|0|0|S
eSocial5036|Estorno para prorrogação pgto. abono pecuniário de férias + 1/3 - MP 927/2020|01032020|31122020|1023|2|0|75|0|0|N|N|N|N|N||S-1200-M|S|S|S|Valor referente ao estorno da conversão em dinheiro de 1/3 dos dias a que o empregado possui direito e do seu terço constitucional de férias, incidente sobre o abono pecuniário de férias no mês, previsto pela Medida Provisória 927/2020 para pagamento até 20/12/2020.|||S|36|N|N|S|S||47|0|0|N
eSocial5036|Estorno para prorrogação pgto. abono pecuniário de férias + 1/3 - MP 1.046/2021|01042021|31122021|1023|2|0|75|0|0|N|N|N|N|N||S-1200-M|S|N|S|Valor referente ao estorno da conversão em dinheiro de 1/3 dos dias a que o empregado possui direito e do seu terço constitucional de férias, incidente sobre o abono pecuniário de férias no mês, previsto pela Medida Provisória 1.046/2021 para pagamento até 20/12/2021.|||S|36|N|N|S|S||47|0|0|N
eSocial5040|13º salário - Desconto do adiantamento|01012014|30062016|9214|2|0|0|12|0|N|N|N|N|N||S-1200-A;S-2299|S|S|S|Desconto referente à antecipação do 13º salário, realizada entre os meses de fevereiro e novembro.||7|S|12|N|S|S|S|||0|0|N
eSocial5040|13º salário - Desconto do adiantamento|01072016|30062021|9214|2|0|0|12|0|N|N|N|N|N||S-1200-A;S-2299|S|S|S|Desconto referente à antecipação do 13º salário, realizada entre os meses de fevereiro e novembro.||7|N|12|N|N|N|N|||0|0|N
eSocial5040|13º salário - Desconto do adiantamento|01072021||9214|2|0|9|12|0|N|N|N|N|N||S-1200-A;S-2299|S|S|S|Desconto referente à antecipação do 13º salário, realizada entre os meses de fevereiro e novembro.||7|N|12|N|N|N|N|||0|0|N
eSocial5041|13º salário - Desconto do pagamento|01012014||9214|2|12|12|12|0|N|N|N|N|N||S-2299|S|S|S|Desconto referente ao pagamento do 13º salário, realizado até o dia 20 de dezembro.||8|N||N|N|N|N||51|0|0|N
eSocial5045|13º salário - Desconto remuneração zerada|01012014||9214|2|12|12|12|0|N|N|N|N|N||S-1200-A|S|S|S|Valor do desconto do 13º salário para fins de remuneração zerada, quando o valor do 13º salário for igual a 0,01.|||N|14|N|N|N|N||51|0|0|N
eSocial5048|13º salário complementar - Desconto|01012014||5005|2|12|12|12|0|N|N|N|N|N||S-1200-M;S-2299|S|S|S|Desconto referente ao 13° salário complementar, devido a diferenças apuradas no mês de dezembro e não consideradas na folha de 13º salário.||9|S|15|N|N|S|S||51|0|0|N
eSocial5050|Atrasos|01012014||9208|2|11|11|11|0|S|N|N|N|N||S-1200-M;S-2299|S|S|S|Desconto referente às horas/minutos de atraso do empregado no mês.||1|S|6|S|N|S|S||31|0|0|S
eSocial5060|Faltas|01012014||9207|2|11|11|11|0|S|N|N|N|N||S-1200-M;S-2299|S|S|S|Desconto referente aos dias de falta do empregado no mês.||2|S|7|S|N|S|S||31|0|0|S
eSocial5070|DSR sobre faltas e atrasos|01012014||9210|2|11|11|11|0|N|N|N|N|N||S-1200-M;S-2299|S|S|S|Desconto referente ao salário dos dias de descanso semanal e feriados do mês quando, sem justo motivo, a jornada da semana anterior não for integralmente cumprida.||3|S|8|S|N|S|S||31|0|0|S
eSocial5080|Estagiários - Faltas e atrasos|01012014||9209|2|0|11|0|0|S|N|N|N|N||S-1200-M|N|N|N|Valor descontado correspondente a faltas, atrasos no início da jornada ou à saída antecipada do estagiário.|||S||N|N|S|S||31|0|0|N
eSocial5090|Vale-Transporte - Desconto|01012014|30062021|9216|2|0|0|0|0|N|N|N|N|N||S-1200-M;S-2299|S|S|S|Desconto referente à participação do empregado no custeio do vale-transporte (até 6% do salário contratual, limitado ao valor do benefício pago).||4|S|9|N|N|S|S|||0|0|N
eSocial5090|Vale-Transporte - Desconto|01072021||9216|2|0|9|0|0|N|N|N|N|N||S-1200-M;S-2299|S|S|S|Desconto referente à participação do empregado no custeio do vale-transporte (até 6% do salário contratual, limitado ao valor do benefício pago).||4|S|9|N|N|S|S|||0|0|N
eSocial5095|Vale-Transporte - Devolução de valor pago a maior|01012014|30062021|9216|2|0|0|0|0|N|N|N|N|N||S-1200-M;S-2299|S|S|S|Restituição de vale-transporte em virtude de concessão do benefício em valor maior que o devido.||5|S|10|N|N|S|S|||0|0|N
eSocial5095|Vale-Transporte - Devolução de valor pago a maior|01072021||9216|2|0|9|0|0|N|N|N|N|N||S-1200-M;S-2299|S|S|S|Restituição de vale-transporte em virtude de concessão do benefício em valor maior que o devido.||5|S|10|N|N|S|S|||0|0|N
eSocial5098|Desconto do adiantamento de salário|01012014|30062021|9200|2|0|0|0|0|N|N|N|N|N||S-1200-M;S-2299|S|S|S|Desconto referente a adiantamento salarial.||6|S|11|N|N|S|S|||0|0|N
eSocial5098|Desconto do adiantamento de salário|01072021||9200|2|0|9|0|0|N|N|N|N|N||S-1200-M;S-2299|S|S|S|Desconto referente a adiantamento salarial.||6|S|11|N|N|S|S|||0|0|N
eSocial5099|Desconto de adiantamento de férias e adicional de 1/3 no mês|01012014|30062016|9221|2|0|13|0|0|N|N|N|N|N||S-1200-M|S|S|S|Desconto referente ao pagamento das férias ocorrido no mês anterior, inclusive terço constitucional, proporcional aos dias de férias no mês.|||S|16|N|N|S|S||31|0|0|N
eSocial5100|Alimentação - Desconto|01012014|30062021|9220|2|0|0|0|0|N|N|N|N|N||S-1200-M;S-2299|N|N|N|Desconto referente à participação do trabalhador no custo da alimentação concedida nos moldes do PAT.|||S||N|N|S|S|||0|0|N
eSocial5101|Desconto - Alimentação - Pecúnia|01012014||9240|2|11|11|11|0|N|N|N|N|N||S-1200-M;S-2299|N|S|S|Desconto de alimentação - Pecúnia|||S||N|N|S|S||31|0|0|S
eSocial5102|Desconto - Alimentação - Ticket ou cartão - Integrantes do PAT|01012014||9241|2|0|9|0|0|N|N|N|N|N||S-1200-M;S-2299|N|S|S|Desconto de alimentação - Ticket ou cartão - Integrantes do PAT|||S||N|N|S|S||0|0|0|N
eSocial5103|Desconto - Alimentação - Ticket ou cartão - Não integrante do PAT|01012014||9242|2|0|9|0|0|N|N|N|N|N||S-1200-M;S-2299|N|S|S|Desconto de alimentação - Ticket ou cartão - Não integrante do PAT|||S||N|N|S|S||0|0|0|N
eSocial5104|Desconto - Alimentação - Cesta básica ou refeição - Integrantes do PAT|01012014||9243|2|0|9|0|0|N|N|N|N|N||S-1200-M;S-2299|N|S|S|Desconto de alimentação - Cesta básica ou refeição - Integrantes do PAT|||S||N|N|S|S||0|0|0|N
eSocial5105|Desconto - Alimentação - Cesta básica ou refeição - Não integrante do PAT|01012014||9244|2|0|9|11|0|N|N|N|N|N||S-1200-M;S-2299|N|S|S|Desconto de alimentação - Cesta básica ou refeição - Não integrante do PAT|||S||N|N|S|S||0|0|0|N
eSocial5110|Pensão Alimentícia - Mensal|01012014|13082018|9213|2|0|51|0|0|N|N|N|N|N||S-1200-M;S-2299|S|S|S|Desconto referente ao valor destinado à pensão alimentícia.||14|N|17|N|N|S|N||34|0|0|N
eSocial5110|Pensão Alimentícia - Mensal|14082018||9213|2|0|51|0|0|N|N|N|N|N||S-1200-M;S-2299|S|S|S|Desconto referente ao valor destinado à pensão alimentícia.||14|N|17|N|N|S|N||34|0|0|N
eSocial5111|Pensão Alimentícia - 13° salário|01012014|13082018|9213|2|0|52|0|0|N|N|N|N|N||S-1200-A;S-2299|S|S|S|Desconto referente ao valor destinado à pensão alimentícia sobre o 13º salário.||15|N|18|N|N|S|N||34|0|0|N
eSocial5111|Pensão Alimentícia - 13° salário|14082018||9213|2|0|52|0|0|N|N|N|N|N||S-1200-A;S-2299|S|S|S|Desconto referente ao valor destinado à pensão alimentícia sobre o 13º salário.||15|N|18|N|N|S|N||34|0|0|N
eSocial5112|Pensão Alimentícia - Férias|01012014|13082018|9213|2|0|53|0|0|N|N|N|N|N||S-1200-M;S-2299|S|S|S|Desconto referente ao valor destinado à pensão alimentícia sobre as férias.||16|N|19|N|N|S|N||34|0|0|N
eSocial5112|Pensão Alimentícia - Férias|14082018||9213|2|0|53|0|0|N|N|N|N|N||S-1200-M;S-2299|S|S|S|Desconto referente ao valor destinado à pensão alimentícia sobre as férias.||16|N|19|N|N|S|N||34|0|0|N
eSocial5113|Pensão Alimentícia - PLR|01012014||9213|2|0|54|0|0|N|N|N|N|N||S-1200-M;S-2299|N|N|N|Desconto referente ao valor destinado à pensão alimentícia sobre o PLR.|||N||N|N|N|N||0|0|0|N
eSocial5117|Arredondamentos (desconto)|01012014||2999|2|0|9|0|0|N|N|N|N|N||S-1200-M;S-2299|N|S|S|Valor lançado em folha de pagamento, não superior a 99 centavos, relativo a desconto de arredondamento aplicado em mês anterior|||S||N|N|S|S||0|0|0|N
eSocial5120|Contribuição sindical laboral|01012014|30062021|9230|2|0|0|0|0|N|N|N|N|N||S-1200-M;S-2299|S|S|S|Desconto referente a um dia de trabalho, a título de contribuição sindical laboral.||22|S|25|N|N|S|S|||0|0|N
eSocial5120|Contribuição sindical laboral|01072021||9230|2|0|9|0|0|N|N|N|N|N||S-1200-M;S-2299|S|S|S|Desconto referente a um dia de trabalho, a título de contribuição sindical laboral.||22|S|25|N|N|S|S|||0|0|N
eSocial5121|Contribuição sindical - Associativa|01012014|30062021|9231|2|0|0|0|0|N|N|N|N|N||S-1200-M;S-2299|S|S|S|Desconto referente à mensalidade do empregado associado ao sindicato.||23|S|26|N|N|S|S|||0|0|N
eSocial5121|Contribuição sindical - Associativa|01072021||9231|2|0|9|0|0|N|N|N|N|N||S-1200-M;S-2299|S|S|S|Desconto referente à mensalidade do empregado associado ao sindicato.||23|S|26|N|N|S|S|||0|0|N
eSocial5122|Contribuição sindical - Assistencial|01012014|30062021|9232|2|0|0|0|0|N|N|N|N|N||S-1200-M;S-2299|S|S|S|Desconto referente à contribuição destinada ao custeio das atividades assistenciais do sindicato.||24|S|27|N|N|S|S|||0|0|N
eSocial5122|Contribuição sindical - Assistencial|01072021||9232|2|0|9|0|0|N|N|N|N|N||S-1200-M;S-2299|S|S|S|Desconto referente à contribuição destinada ao custeio das atividades assistenciais do sindicato.||24|S|27|N|N|S|S|||0|0|N
eSocial5123|Contribuição sindical - Confederativa|01012014|30062021|9233|2|0|0|0|0|N|N|N|N|N||S-1200-M;S-2299|S|S|S|Desconto referente à contribuição destinada ao custeio do sistema confederativo.||25|S|28|N|N|S|S|||0|0|N
eSocial5123|Contribuição sindical - Confederativa|01072021||9233|2|0|9|0|0|N|N|N|N|N||S-1200-M;S-2299|S|S|S|Desconto referente à contribuição destinada ao custeio do sistema confederativo.||25|S|28|N|N|S|S|||0|0|N
eSocial5140|Danos causados pelo empregado - Desconto|01012014|30062021|9270|2|0|0|0|0|N|N|N|N|N||S-1200-M;S-2299|S|S|S|Desconto referente ao reparo de danos e prejuízos causados pelo empregado.||21|S|24|N|N|S|S|||0|0|N
eSocial5140|Danos causados pelo empregado - Desconto|01072021||9270|2|0|9|0|0|N|N|N|N|N||S-1200-M;S-2299|S|S|S|Desconto referente ao reparo de danos e prejuízos causados pelo empregado.||21|S|24|N|N|S|S|||0|0|N
eSocial5150|Previdência privada - Desconto|01012014|30062021|9223|2|0|0|0|0|N|N|N|N|N||S-1200-M;S-2299|S|S|S|Desconto referente à participação do empregado no custeio do plano de previdência privada.||19|S|22|N|N|S|S|||0|0|N
eSocial5150|Previdência privada - Desconto|01072021||9223|2|0|9|0|0|N|N|N|N|N||S-1200-M;S-2299|S|S|S|Desconto referente à participação do empregado no custeio do plano de previdência privada.||19|S|22|N|N|S|S|||0|0|N
eSocial5160|Seguro de Vida - Desconto|01012014|30062021|9250|2|0|0|0|0|N|N|N|N|N||S-1200-M;S-2299|S|S|S|Desconto referente à participação do empregado no custeio do seguro de vida.||17|S|20|N|N|S|S|||0|0|N
eSocial5160|Seguro de Vida - Desconto|01072021||9250|2|0|9|0|0|N|N|N|N|N||S-1200-M;S-2299|S|S|S|Desconto referente à participação do empregado no custeio do seguro de vida.||17|S|20|N|N|S|S|||0|0|N
eSocial5161|Empréstimos consignados - desconto|01012014||9254|2|0|9|0|0|N|N|N|N|N||S-1200-M;S-2299|N|S|S|Desconto de trabalhadores a título de empréstimos consignados, para repasse a instituição financeira consignatária|||S||N|N|S|S||0|0|0|N
eSocial5163|Convênios|01012014||9258|2|0|9|0|0|N|N|N|N|N||S-1200-M;S-2299|N|S|S|Desconto relativos a convênios diversos com empresas para fornecimento de produtos ou serviços ao empregado, sem pagamento imediato, mas com posterior desconto em folha de pagamento como farmácias, supermercados, etc.|||S||N|N|S|S||0|0|0|N
eSocial5164|Fies - Desconto|01012014||9260|2|0|9|0|0|N|N|N|N|N||S-1200-M;S-2299|N|S|S|Desconto referente à amortização de financiamento do Fundo de Financiamento Estudantil (Fies), para repasse à instituição consignatária|||S||N|N|S|S||0|0|0|N
eSocial5165|Assistência Médica - Desconto|01012014|30062021|9219|2|0|0|0|0|N|N|N|N|N||S-1200-M;S-2299|N|N|N|Desconto referente à participação do empregado relativo à assistência prestada por serviço médico ou odontológico proveniente de convênio feito para esse fim.|||S||N|N|S|S|||0|0|N
eSocial5165|Assistência Médica - Desconto|01072021||9219|2|0|9|0|0|N|N|N|N|N||S-1200-M;S-2299|N|N|N|Desconto referente à participação do empregado relativo à assistência prestada por serviço médico ou odontológico proveniente de convênio feito para esse fim.|||S||N|N|S|S|||0|0|N
eSocial5166|Assistência Médica e/ou Odontológica - Desconto (empregado doméstico)|01012014|30062021|9299|2|0|0|0|0|N|N|N|N|N||S-1200-M;S-2299|S|N|N|Desconto referente à participação do empregado doméstico no custeio dos planos de assistência médico-hospitalar e/ou odontológica.||18|S|21|N|N|S|S|||0|0|N
eSocial5166|Assistência Médica e/ou Odontológica - Desconto (empregado doméstico)|01072021||9299|2|0|9|0|0|N|N|N|N|N||S-1200-M;S-2299|S|N|N|Desconto referente à participação do empregado doméstico no custeio dos planos de assistência médico-hospitalar e/ou odontológica.||18|S|21|N|N|S|S|||0|0|N
eSocial5170|Habitação (empregado doméstico)|01012014|30062021|9299|2|0|0|0|0|N|N|N|N|N||S-1200-M;S-2299|S|N|N|Desconto referente à participação do empregado doméstico no custeio da habitação, desde que a moradia seja em local diverso da prestação de serviço.||20|S|23|N|N|S|S|||0|0|N
eSocial5170|Habitação (empregado doméstico)|01072021||9299|2|0|9|0|0|N|N|N|N|N||S-1200-M;S-2299|S|N|N|Desconto referente à participação do empregado doméstico no custeio da habitação, desde que a moradia seja em local diverso da prestação de serviço.||20|S|23|N|N|S|S|||0|0|N
eSocial5180|Contribuição previdenciária do empregado (INSS)|01012014|30062021|9201|2|31|0|0|0|N|N|N|N|N||S-1200-M;S-2299|S|S|S|Desconto referente à contribuição previdenciária do empregado sobre o salário e férias gozadas.||33|N|1|N|N|N|N|5|32|0|0|S
eSocial5180|Contribuição previdenciária do empregado (INSS)|01072021||9201|2|31|9|0|0|N|N|N|N|N||S-1200-M;S-2299|S|S|S|Desconto referente à contribuição previdenciária do empregado sobre o salário e férias gozadas.||33|N|1|N|N|N|N|5|32|0|0|S
eSocial5181|Contribuição previdenciária do empregado sobre 13º Salário (INSS)|01012014||9201|2|32|42|0|0|N|N|N|N|N||S-1200-M;S-1200-A;S-2299|S|S|S|Desconto referente à contribuição previdenciária do empregado sobre o 13º salário.||34|N|2|N|N|N|N|5|51|0|0|S
eSocial5182|Provisão de INSS - Férias|01012014|30062021|9201|2|0|43|0|0|N|N|N|N|N||S-1200-M|S|S|S|Desconto referente à contribuição previdenciária calculada sobre as férias gozadas.|||N||N|N|N|N|1;5|0|0|0|N
eSocial5182|Provisão de INSS - Férias|01072021||9205|2|0|43|0|0|N|N|N|N|N||S-1200-M|S|S|S|Desconto referente à contribuição previdenciária calculada sobre as férias gozadas.|||N||N|N|N|N|1;5|0|0|0|N
eSocial5183|Compensação de provisão de INSS no mês - Férias|01012014|31082016|1099|1|0|0|0|0|N|N|N|N|N||S-1200-M;S-2299|S|S|S|Valor referente à compensação da contribuição previdenciária já descontada no recibo de férias, proporcional aos dias de férias no mês.||65|S|55|N|N|S|S|||0|0|N
eSocial5183|Compensação de provisão de INSS no mês - Férias|01072021||1099|1|0|9|0|0|N|N|N|N|N||S-1200-M;S-2299|S|S|S|Valor referente à compensação da contribuição previdenciária já descontada no recibo de férias, proporcional aos dias de férias no mês.||65|N|55|N|N|N|N|||0|0|N
eSocial5183|Compensação de provisão de INSS no mês - Férias|01092016|30062021|1099|1|0|0|0|0|N|N|N|N|N||S-1200-M;S-2299|S|S|S|Valor referente à compensação da contribuição previdenciária já descontada no recibo de férias, proporcional aos dias de férias no mês.||65|N|55|N|N|N|N|||0|0|N
eSocial5186|INSS - SENAT (Descontado Transportador PF)|01012014||9201|2|34|41|0|0|N|N|N|N|N||S-1200-M|N|N|N|Desconto da parcela de contribuição do Transportador Autônomo.|||S||N|N|N|N||0|0|0|S
eSocial5188|INSS - SEST (Descontado Transportador PF)|01012014||9201|2|35|41|0|0|N|N|N|N|N||S-1200-M|N|N|N|Desconto da parcela de contribuição do Transportador Autônomo.|||S||N|N|N|N||0|0|0|S
eSocial5190|Imposto de renda retido na fonte - Mensal|01012014||9203|2|0|31|0|0|N|N|N|N|N||S-1200-M;S-2299|S|S|S|Desconto referente ao Imposto de Renda sobre as verbas remuneratórias, exceto férias e 13º salário.||35|N|3|N|N|N|N|5|35|0|0|N
eSocial5191|Imposto de renda retido na fonte - Férias|01012014||9203|2|0|33|0|0|N|N|N|N|N||S-1200-M;S-2299|S|S|S|Desconto referente ao Imposto de Renda sobre as verbas de férias.||37|N|5|N|N|N|N|1;5|35|0|0|N
eSocial5192|Imposto de renda retido na fonte - 13° salário|01012014||9203|2|0|32|0|0|N|N|N|N|N||S-1200-M;S-1200-A;S-2299|S|S|S|Desconto referente ao Imposto de Renda sobre a remuneração do 13º salário.||36|N|4|N|N|N|N|5||0|0|N
eSocial5193|Imposto de renda retido na fonte - PLR|01012014||9203|2|0|34|0|0|N|N|N|N|N||S-1200-M|N|N|N|Desconto do Imposto de renda sobre a Participação em Lucros ou Resultados.|||N||N|N|N|N|5|0|0|0|N
eSocial5199|Decisão judicial - Valor líquido de TRCT quitado|01012014|30062021|9299|2|0|0|0|0|N|N|N|N|N||S-2299|S|S|S|Desconto referente ao valor líquido do termo de rescisão quitado em decisão judicial.||38|N||N|N|S|N|||0|0|N
eSocial5199|Decisão judicial - Valor líquido de TRCT quitado|01072021||9299|2|0|9|0|0|N|N|N|N|N||S-2299|S|S|S|Desconto referente ao valor líquido do termo de rescisão quitado em decisão judicial.||38|N||N|N|S|N|||0|0|N
eSocial5200|Apoio Financeiro MP 1230/2024|01062024|31082024|9299|2|0|9|0|0|N|N|N|N|N||S-1200-M;S-2299|S|S|S|Desconto referente ao desconto do valor pago ao empregado, previsto MP 1230/2024 referente ao Apoio Financeiro.||39|S|5|N|N|S|S|||0|0|N
eSocial5500|Diferença de descontos indenizatórios|01012014|30062016|9299|2|0|0|0|0|N|N|N|N|N||S-1200-M;S-2299|S|S|S|Valor referente à diferença de deduções indenizatórias (sem natureza de remuneração), relativa a mês(es) anterior(es), descontada retroativamente.||26|S|29|N|N|S|S|||0|0|N
eSocial5500|Retroativo - Diferença de descontos indenizatórios|01072016|30062021|9299|2|0|0|0|0|N|N|N|N|N||S-1200-M;S-2299|S|S|S|Valor referente à diferença de deduções indenizatórias (sem natureza de remuneração), relativa a mês(es) anterior(es), descontada retroativamente.||26|S|29|N|N|S|S|||0|0|N
eSocial5500|Retroativo - Diferença de descontos indenizatórios|01072021||9299|2|0|9|0|0|N|N|N|N|N||S-1200-M;S-2299|S|S|S|Valor referente à diferença de deduções indenizatórias (sem natureza de remuneração), relativa a mês(es) anterior(es), descontada retroativamente.||26|S|29|N|N|S|S|||0|0|N
eSocial5550|Devolução de remuneração mensal|01072016||9290|2|11|11|11|0|S|S|S|S|S||S-1200-M;S-2299|S|S|S|Devolução de remuneração mensal do empregado (exceto 13º salário e férias), paga indevidamente, relativa a mês(es) anterior(es).||27|S|30|N|N|S|S||31|0|0|S
eSocial5551|Devolução de 13º salário - Ano corrente|01072016||9290|2|12|12|12|0|N|N|N|N|N||S-1200-M;S-2299|S|S|S|Devolução de 13º salário do empregado, pago indevidamente, relativa ao ano atual.||28|S|31|N|N|S|S||51|0|0|N
eSocial5552|Devolução de férias gozadas|01072016||9290|2|11|13|11|0|N|N|N|N|N||S-1200-M;S-2299|S|S|S|Devolução de férias do empregado acrescidas do terço constitucional, pagas indevidamente, relativa a mês(es) atual ou anterior(es).||30|S|33|N|N|S|S||31|0|0|S
eSocial5553|Devolução de verbas indenizatórias|01072016|30062021|9299|2|0|0|0|0|N|N|N|N|N||S-1200-M;S-2299|S|S|S|Devolução de verbas indenizatórias (sem natureza de remuneração), pagas indevidamente, relativa a mês(es) atual ou anterior(es).|17|31|S|34|N|N|S|S||46|0|0|N
eSocial5553|Devolução de verbas indenizatórias|01072021||9299|2|0|9|0|0|N|N|N|N|N||S-1200-M;S-2299|S|S|S|Devolução de verbas indenizatórias (sem natureza de remuneração), pagas indevidamente, relativa a mês(es) atual ou anterior(es).|17|31|S|34|N|N|S|S||46|0|0|N
eSocial5554|Devolução de 13º salário - Anos anteriores|01072016||9290|2|12|12|12|0|N|N|N|N|N||S-1200-M;S-2299|S|S|S|Devolução de 13º salário do empregado, pago indevidamente, relativa a ano anterior.||29|S|32|N|N|S|S|||0|0|N
eSocial9500|Dependente - Remuneração Mensal|01012014|30062021|9989|4|0|0|0|0|N|N|N|N|N||S-1200-M;S-2299|S|S|S|Valor a SER calculado na apuração do IRRF (quant. Dep IRRF X valor dedução por dependente Tabela Receita Federal)|||N||N|N|N|N|5|0|0|0|N
eSocial9500|Dependente - Remuneração Mensal|01072021||9989|4|0|9|0|0|N|N|N|N|N||S-1200-M;S-2299|S|S|S|Valor a SER calculado na apuração do IRRF (quant. Dep IRRF X valor dedução por dependente Tabela Receita Federal)|||N||N|N|N|N|5|0|0|0|N
eSocial9501|Dependente - 13° salário|01012014|30062021|9989|4|0|0|0|0|N|N|N|N|N||S-1200-M;S-1200-A;S-2299|S|S|S|Valor a SER calculado na apuração do IRRF (quant. Dep IRRF X valor dedução por dependente Tabela Receita Federal)|||N||N|N|N|N|5|51|0|0|N
eSocial9501|Dependente - 13° salário|01072021||9989|4|0|9|0|0|N|N|N|N|N||S-1200-M;S-1200-A;S-2299|S|S|S|Valor a SER calculado na apuração do IRRF (quant. Dep IRRF X valor dedução por dependente Tabela Receita Federal)|||N||N|N|N|N|5|51|0|0|N
eSocial9502|Dependente - Férias|01012014|30062021|9989|4|0|0|0|0|N|N|N|N|N||S-1200-M;S-2299|S|S|S|Valor a SER calculado na apuração do IRRF (quant. Dep IRRF X valor dedução por dependente Tabela Receita Federal)|||N||N|N|N|N|1;5|0|0|0|N
eSocial9502|Dependente - Férias|01072021||9989|4|0|9|0|0|N|N|N|N|N||S-1200-M;S-2299|S|S|S|Valor a SER calculado na apuração do IRRF (quant. Dep IRRF X valor dedução por dependente Tabela Receita Federal)|||N||N|N|N|N|1;5|0|0|0|N
eSocial9510|PSO - Mensal|01012014||9989|4|0|41|0|0|N|N|N|N|N||S-1200-M;S-2299|S|S|S|Valor referente à PSO (Previdência Social Oficial) a ser deduzido para apuração da base de IR mensal.|||N||N|N|N|N|5|0|0|0|N
eSocial9511|PSO - Férias|01012014||9989|4|0|43|0|0|N|N|N|N|N||S-1200-M;S-2299|S|S|S|Valor referente à PSO (Previdência Social Oficial) a ser deduzido para apuração da base de IR sobre férias.|||N||N|N|N|N|5|0|0|0|N
eSocial9600|Base de Cálculo do FGTS - Parcelamento (MP 927/2020)|01012014|31122020|9939|3|0|0|11|0|N|N|N|N|N||S-1200-M;S-2299|S|N|N|Valor referente à base de cálculo do FGTS parcelado, nos termos da Medida Provisória 927/2020, no período de referência.|||N||N|N|N|N||0|0|0|N
eSocial9600|Base de Cálculo do FGTS - Parcelamento (MP 1.046/2021)|01042021|30062021|9939|3|0|0|11|0|N|N|N|N|N||S-1200-M;S-2299|S|N|N|Valor referente à base de cálculo do FGTS parcelado, nos termos da Medida Provisória 1.046/2021, no período de referência.|||N||N|N|N|N||0|0|0|N
eSocial9600|Base de Cálculo do FGTS - Parcelamento (MP 1.046/2021)|01072021|31122021|9939|3|0|9|11|0|N|N|N|N|N||S-1200-M;S-2299|S|N|N|Valor referente à base de cálculo do FGTS parcelado, nos termos da Medida Provisória 1.046/2021, no período de referência.|||N||N|N|N|N||0|0|0|N
eSocial9600|Base de Cálculo do FGTS - Parcelamento (MTE 3.553/2023 e MTE 3.782/2023)|01102023|29022024|9939|3|0|9|11|0|N|N|N|N|N||S-1200-M;S-2299|S|N|N|Valor referente à base de cálculo do FGTS parcelado, nos termos da Portaria MTE 3.553/2023 e MTE 3.782/2023, no período de referência.|||N||N|N|N|N||0|0|0|N
eSocial9600|Base de Cálculo do FGTS - Parcelamento (MTE 729/2024)|01042024|31072024|9939|3|0|9|11|0|N|N|N|N|N||S-1200-M;S-2299|S|N|N|Valor referente à base de cálculo do FGTS parcelado, nos termos da Portaria MTE 729/2024, no período de referência.|||N||N|N|N|N||0|0|0|N
eSocial9700|Empréstimo eConsignado|01012014||9253|2|0|9|31|0|N|N|N|S|N||S-1200-M;S-2299|S|S|S|Empréstimo eConsignado|||S||N|N|S|S||0|0|0|N
eSocial9782|Provisão de parcela de empréstimo eConsignado - Férias|01042024||9299|2|0|9|0|0|N|N|N|N|N||S-1200-M|S|S|S|Desconto referente à parcela de empréstimo eConsignado calculada no período de férias gozadas.|||N||N|N|N|N|1;5|0|0|0|N
eSocial9783|Compensação de provisão de parcela de empréstimo eConsignado no mês - Férias|01042024||1099|1|0|9|0|0|N|N|N|N|N||S-1200-M;S-2299|S|S|S|Valor referente à compensação da parcela de empréstimo eConsignado já descontada no recibo de férias.||63|N|53|N|N|N|N|||0|0|N
